game_id, config, placement_1   , placement_2   , placement_3
      4, A2_B1 , ISMCTS-PUCT   , ISMCTS-PUCT   , ISMCTS-History
      2, A2_B1 , ISMCTS-PUCT   , ISMCTS-PUCT   , ISMCTS-History
      7, A2_B1 , ISMCTS-History, ISMCTS-PUCT   , ISMCTS-PUCT
      0, A2_B1 , ISMCTS-History, ISMCTS-PUCT   , ISMCTS-PUCT
      6, A2_B1 , ISMCTS-PUCT   , ISMCTS-PUCT   , ISMCTS-History
      3, A2_B1 , ISMCTS-PUCT   , ISMCTS-History, ISMCTS-PUCT
      1, A2_B1 , ISMCTS-PUCT   , ISMCTS-PUCT   , ISMCTS-History
      5, A2_B1 , ISMCTS-PUCT   , ISMCTS-PUCT   , ISMCTS-History
     11, A2_B1 , ISMCTS-PUCT   , ISMCTS-History, ISMCTS-PUCT
      9, A2_B1 , ISMCTS-PUCT   , ISMCTS-History, ISMCTS-PUCT
     10, A2_B1 , ISMCTS-PUCT   , ISMCTS-PUCT   , ISMCTS-History
     13, A2_B1 , ISMCTS-History, ISMCTS-PUCT   , ISMCTS-PUCT
      8, A2_B1 , ISMCTS-History, ISMCTS-PUCT   , ISMCTS-PUCT
     14, A2_B1 , ISMCTS-PUCT   , ISMCTS-PUCT   , ISMCTS-History
     12, A2_B1 , ISMCTS-PUCT   , ISMCTS-History, ISMCTS-PUCT
     15, A2_B1 , ISMCTS-History, ISMCTS-PUCT   , ISMCTS-PUCT
     16, A2_B1 , ISMCTS-PUCT   , ISMCTS-History, ISMCTS-PUCT
     17, A2_B1 , ISMCTS-PUCT   , ISMCTS-PUCT   , ISMCTS-History
     18, A2_B1 , ISMCTS-PUCT   , ISMCTS-History, ISMCTS-PUCT
     21, A2_B1 , ISMCTS-PUCT   , ISMCTS-History, ISMCTS-PUCT
     19, A2_B1 , ISMCTS-PUCT   , ISMCTS-History, ISMCTS-PUCT
     23, A2_B1 , ISMCTS-PUCT   , ISMCTS-PUCT   , ISMCTS-History
     20, A2_B1 , ISMCTS-PUCT   , ISMCTS-History, ISMCTS-PUCT
     22, A2_B1 , ISMCTS-History, ISMCTS-PUCT   , ISMCTS-PUCT
     24, A2_B1 , ISMCTS-PUCT   , ISMCTS-PUCT   , ISMCTS-History
     25, A2_B1 , ISMCTS-History, ISMCTS-PUCT   , ISMCTS-PUCT
     26, A2_B1 , ISMCTS-PUCT   , ISMCTS-PUCT   , ISMCTS-History
     27, A2_B1 , ISMCTS-History, ISMCTS-PUCT   , ISMCTS-PUCT
     28, A2_B1 , ISMCTS-PUCT   , ISMCTS-History, ISMCTS-PUCT
     30, A2_B1 , ISMCTS-PUCT   , ISMCTS-PUCT   , ISMCTS-History
     29, A2_B1 , ISMCTS-History, ISMCTS-PUCT   , ISMCTS-PUCT
     31, A2_B1 , ISMCTS-History, ISMCTS-PUCT   , ISMCTS-PUCT
     32, A2_B1 , ISMCTS-History, ISMCTS-PUCT   , ISMCTS-PUCT
     34, A2_B1 , ISMCTS-PUCT   , ISMCTS-History, ISMCTS-PUCT
     35, A2_B1 , ISMCTS-History, ISMCTS-PUCT   , ISMCTS-PUCT
     33, A2_B1 , ISMCTS-History, ISMCTS-PUCT   , ISMCTS-PUCT
     39, A2_B1 , ISMCTS-PUCT   , ISMCTS-PUCT   , ISMCTS-History
     36, A2_B1 , ISMCTS-PUCT   , ISMCTS-History, ISMCTS-PUCT
     37, A2_B1 , ISMCTS-PUCT   , ISMCTS-History, ISMCTS-PUCT
     38, A2_B1 , ISMCTS-PUCT   , ISMCTS-History, ISMCTS-PUCT
     40, A2_B1 , ISMCTS-PUCT   , ISMCTS-PUCT   , ISMCTS-History
     41, A2_B1 , ISMCTS-PUCT   , ISMCTS-PUCT   , ISMCTS-History
     42, A2_B1 , ISMCTS-PUCT   , ISMCTS-PUCT   , ISMCTS-History
     43, A2_B1 , ISMCTS-History, ISMCTS-PUCT   , ISMCTS-PUCT
     44, A2_B1 , ISMCTS-PUCT   , ISMCTS-History, ISMCTS-PUCT
     45, A2_B1 , ISMCTS-History, ISMCTS-PUCT   , ISMCTS-PUCT
     47, A2_B1 , ISMCTS-PUCT   , ISMCTS-History, ISMCTS-PUCT
     46, A2_B1 , ISMCTS-History, ISMCTS-PUCT   , ISMCTS-PUCT
     48, A2_B1 , ISMCTS-History, ISMCTS-PUCT   , ISMCTS-PUCT
     50, A2_B1 , ISMCTS-PUCT   , ISMCTS-PUCT   , ISMCTS-History
     49, A2_B1 , ISMCTS-History, ISMCTS-PUCT   , ISMCTS-PUCT
     51, A2_B1 , ISMCTS-PUCT   , ISMCTS-History, ISMCTS-PUCT
     52, A2_B1 , ISMCTS-PUCT   , ISMCTS-PUCT   , ISMCTS-History
     53, A2_B1 , ISMCTS-PUCT   , ISMCTS-PUCT   , ISMCTS-History
     54, A2_B1 , ISMCTS-PUCT   , ISMCTS-PUCT   , ISMCTS-History
     55, A2_B1 , ISMCTS-PUCT   , ISMCTS-PUCT   , ISMCTS-History
     56, A2_B1 , ISMCTS-History, ISMCTS-PUCT   , ISMCTS-PUCT
     57, A2_B1 , ISMCTS-PUCT   , ISMCTS-History, ISMCTS-PUCT
     58, A2_B1 , ISMCTS-PUCT   , ISMCTS-History, ISMCTS-PUCT
     59, A2_B1 , ISMCTS-PUCT   , ISMCTS-History, ISMCTS-PUCT
     60, A2_B1 , ISMCTS-History, ISMCTS-PUCT   , ISMCTS-PUCT
     62, A2_B1 , ISMCTS-History, ISMCTS-PUCT   , ISMCTS-PUCT
     61, A2_B1 , ISMCTS-PUCT   , ISMCTS-History, ISMCTS-PUCT
     63, A2_B1 , ISMCTS-PUCT   , ISMCTS-PUCT   , ISMCTS-History
     64, A2_B1 , ISMCTS-PUCT   , ISMCTS-History, ISMCTS-PUCT
     65, A2_B1 , ISMCTS-PUCT   , ISMCTS-History, ISMCTS-PUCT
     67, A2_B1 , ISMCTS-History, ISMCTS-PUCT   , ISMCTS-PUCT
     66, A2_B1 , ISMCTS-PUCT   , ISMCTS-PUCT   , ISMCTS-History
     68, A2_B1 , ISMCTS-History, ISMCTS-PUCT   , ISMCTS-PUCT
     69, A2_B1 , ISMCTS-History, ISMCTS-PUCT   , ISMCTS-PUCT
     70, A2_B1 , ISMCTS-PUCT   , ISMCTS-History, ISMCTS-PUCT
     71, A2_B1 , ISMCTS-History, ISMCTS-PUCT   , ISMCTS-PUCT
     72, A2_B1 , ISMCTS-PUCT   , ISMCTS-PUCT   , ISMCTS-History
     74, A2_B1 , ISMCTS-PUCT   , ISMCTS-PUCT   , ISMCTS-History
     75, A2_B1 , ISMCTS-PUCT   , ISMCTS-PUCT   , ISMCTS-History
     73, A2_B1 , ISMCTS-PUCT   , ISMCTS-PUCT   , ISMCTS-History
     77, A2_B1 , ISMCTS-History, ISMCTS-PUCT   , ISMCTS-PUCT
     76, A2_B1 , ISMCTS-PUCT   , ISMCTS-History, ISMCTS-PUCT
     78, A2_B1 , ISMCTS-PUCT   , ISMCTS-History, ISMCTS-PUCT
     79, A2_B1 , ISMCTS-History, ISMCTS-PUCT   , ISMCTS-PUCT
     80, A2_B1 , ISMCTS-PUCT   , ISMCTS-PUCT   , ISMCTS-History
     81, A2_B1 , ISMCTS-History, ISMCTS-PUCT   , ISMCTS-PUCT
     82, A2_B1 , ISMCTS-History, ISMCTS-PUCT   , ISMCTS-PUCT
     84, A2_B1 , ISMCTS-History, ISMCTS-PUCT   , ISMCTS-PUCT
     83, A2_B1 , ISMCTS-PUCT   , ISMCTS-PUCT   , ISMCTS-History
     85, A2_B1 , ISMCTS-PUCT   , ISMCTS-PUCT   , ISMCTS-History
     86, A2_B1 , ISMCTS-History, ISMCTS-PUCT   , ISMCTS-PUCT
     87, A2_B1 , ISMCTS-History, ISMCTS-PUCT   , ISMCTS-PUCT
     88, A2_B1 , ISMCTS-PUCT   , ISMCTS-History, ISMCTS-PUCT
     89, A2_B1 , ISMCTS-History, ISMCTS-PUCT   , ISMCTS-PUCT
     91, A2_B1 , ISMCTS-PUCT   , ISMCTS-PUCT   , ISMCTS-History
     90, A2_B1 , ISMCTS-History, ISMCTS-PUCT   , ISMCTS-PUCT
     92, A2_B1 , ISMCTS-History, ISMCTS-PUCT   , ISMCTS-PUCT
     94, A2_B1 , ISMCTS-PUCT   , ISMCTS-History, ISMCTS-PUCT
     93, A2_B1 , ISMCTS-History, ISMCTS-PUCT   , ISMCTS-PUCT
     96, A2_B1 , ISMCTS-History, ISMCTS-PUCT   , ISMCTS-PUCT
     95, A2_B1 , ISMCTS-History, ISMCTS-PUCT   , ISMCTS-PUCT
     97, A2_B1 , ISMCTS-History, ISMCTS-PUCT   , ISMCTS-PUCT
     98, A2_B1 , ISMCTS-History, ISMCTS-PUCT   , ISMCTS-PUCT
    100, A2_B1 , ISMCTS-PUCT   , ISMCTS-PUCT   , ISMCTS-History
     99, A2_B1 , ISMCTS-History, ISMCTS-PUCT   , ISMCTS-PUCT
    102, A2_B1 , ISMCTS-PUCT   , ISMCTS-PUCT   , ISMCTS-History
    101, A2_B1 , ISMCTS-PUCT   , ISMCTS-History, ISMCTS-PUCT
    103, A2_B1 , ISMCTS-History, ISMCTS-PUCT   , ISMCTS-PUCT
    104, A2_B1 , ISMCTS-History, ISMCTS-PUCT   , ISMCTS-PUCT
    106, A2_B1 , ISMCTS-History, ISMCTS-PUCT   , ISMCTS-PUCT
    105, A2_B1 , ISMCTS-PUCT   , ISMCTS-PUCT   , ISMCTS-History
    107, A2_B1 , ISMCTS-History, ISMCTS-PUCT   , ISMCTS-PUCT
    108, A2_B1 , ISMCTS-PUCT   , ISMCTS-History, ISMCTS-PUCT
    110, A2_B1 , ISMCTS-History, ISMCTS-PUCT   , ISMCTS-PUCT
    109, A2_B1 , ISMCTS-History, ISMCTS-PUCT   , ISMCTS-PUCT
    112, A2_B1 , ISMCTS-PUCT   , ISMCTS-History, ISMCTS-PUCT
    113, A2_B1 , ISMCTS-PUCT   , ISMCTS-PUCT   , ISMCTS-History
    111, A2_B1 , ISMCTS-PUCT   , ISMCTS-History, ISMCTS-PUCT
    114, A2_B1 , ISMCTS-PUCT   , ISMCTS-History, ISMCTS-PUCT
    115, A2_B1 , ISMCTS-History, ISMCTS-PUCT   , ISMCTS-PUCT
    116, A2_B1 , ISMCTS-History, ISMCTS-PUCT   , ISMCTS-PUCT
    119, A2_B1 , ISMCTS-PUCT   , ISMCTS-History, ISMCTS-PUCT
    117, A2_B1 , ISMCTS-PUCT   , ISMCTS-PUCT   , ISMCTS-History
    118, A2_B1 , ISMCTS-PUCT   , ISMCTS-History, ISMCTS-PUCT
    120, A2_B1 , ISMCTS-History, ISMCTS-PUCT   , ISMCTS-PUCT
    121, A2_B1 , ISMCTS-PUCT   , ISMCTS-History, ISMCTS-PUCT
    123, A2_B1 , ISMCTS-PUCT   , ISMCTS-History, ISMCTS-PUCT
    122, A2_B1 , ISMCTS-History, ISMCTS-PUCT   , ISMCTS-PUCT
    124, A2_B1 , ISMCTS-PUCT   , ISMCTS-History, ISMCTS-PUCT
    126, A2_B1 , ISMCTS-PUCT   , ISMCTS-History, ISMCTS-PUCT
    127, A2_B1 , ISMCTS-History, ISMCTS-PUCT   , ISMCTS-PUCT
    125, A2_B1 , ISMCTS-History, ISMCTS-PUCT   , ISMCTS-PUCT
    128, A2_B1 , ISMCTS-PUCT   , ISMCTS-History, ISMCTS-PUCT
    129, A2_B1 , ISMCTS-History, ISMCTS-PUCT   , ISMCTS-PUCT
    130, A2_B1 , ISMCTS-PUCT   , ISMCTS-PUCT   , ISMCTS-History
    132, A2_B1 , ISMCTS-PUCT   , ISMCTS-PUCT   , ISMCTS-History
    131, A2_B1 , ISMCTS-History, ISMCTS-PUCT   , ISMCTS-PUCT
    134, A2_B1 , ISMCTS-PUCT   , ISMCTS-PUCT   , ISMCTS-History
    135, A2_B1 , ISMCTS-PUCT   , ISMCTS-PUCT   , ISMCTS-History
    133, A2_B1 , ISMCTS-PUCT   , ISMCTS-PUCT   , ISMCTS-History
    136, A2_B1 , ISMCTS-History, ISMCTS-PUCT   , ISMCTS-PUCT
    139, A2_B1 , ISMCTS-PUCT   , ISMCTS-PUCT   , ISMCTS-History
    137, A2_B1 , ISMCTS-PUCT   , ISMCTS-History, ISMCTS-PUCT
    140, A2_B1 , ISMCTS-History, ISMCTS-PUCT   , ISMCTS-PUCT
    138, A2_B1 , ISMCTS-PUCT   , ISMCTS-PUCT   , ISMCTS-History
    141, A2_B1 , ISMCTS-History, ISMCTS-PUCT   , ISMCTS-PUCT
    143, A2_B1 , ISMCTS-PUCT   , ISMCTS-PUCT   , ISMCTS-History
    142, A2_B1 , ISMCTS-PUCT   , ISMCTS-PUCT   , ISMCTS-History
    144, A2_B1 , ISMCTS-PUCT   , ISMCTS-History, ISMCTS-PUCT
    146, A2_B1 , ISMCTS-PUCT   , ISMCTS-PUCT   , ISMCTS-History
    145, A2_B1 , ISMCTS-PUCT   , ISMCTS-History, ISMCTS-PUCT
    147, A2_B1 , ISMCTS-PUCT   , ISMCTS-PUCT   , ISMCTS-History
    148, A2_B1 , ISMCTS-PUCT   , ISMCTS-History, ISMCTS-PUCT
    149, A2_B1 , ISMCTS-PUCT   , ISMCTS-History, ISMCTS-PUCT
    150, A2_B1 , ISMCTS-History, ISMCTS-PUCT   , ISMCTS-PUCT
    151, A2_B1 , ISMCTS-PUCT   , ISMCTS-History, ISMCTS-PUCT
    152, A2_B1 , ISMCTS-History, ISMCTS-PUCT   , ISMCTS-PUCT
    153, A2_B1 , ISMCTS-PUCT   , ISMCTS-History, ISMCTS-PUCT
    154, A2_B1 , ISMCTS-PUCT   , ISMCTS-History, ISMCTS-PUCT
    156, A2_B1 , ISMCTS-PUCT   , ISMCTS-History, ISMCTS-PUCT
    155, A2_B1 , ISMCTS-PUCT   , ISMCTS-History, ISMCTS-PUCT
    158, A2_B1 , ISMCTS-History, ISMCTS-PUCT   , ISMCTS-PUCT
    157, A2_B1 , ISMCTS-PUCT   , ISMCTS-History, ISMCTS-PUCT
    160, A2_B1 , ISMCTS-History, ISMCTS-PUCT   , ISMCTS-PUCT
    161, A2_B1 , ISMCTS-PUCT   , ISMCTS-PUCT   , ISMCTS-History
    159, A2_B1 , ISMCTS-PUCT   , ISMCTS-History, ISMCTS-PUCT
    162, A2_B1 , ISMCTS-PUCT   , ISMCTS-PUCT   , ISMCTS-History
    163, A2_B1 , ISMCTS-PUCT   , ISMCTS-History, ISMCTS-PUCT
    164, A2_B1 , ISMCTS-History, ISMCTS-PUCT   , ISMCTS-PUCT
    165, A2_B1 , ISMCTS-History, ISMCTS-PUCT   , ISMCTS-PUCT
    166, A2_B1 , ISMCTS-PUCT   , ISMCTS-PUCT   , ISMCTS-History
    167, A2_B1 , ISMCTS-History, ISMCTS-PUCT   , ISMCTS-PUCT
    169, A2_B1 , ISMCTS-PUCT   , ISMCTS-History, ISMCTS-PUCT
    168, A2_B1 , ISMCTS-PUCT   , ISMCTS-History, ISMCTS-PUCT
    170, A2_B1 , ISMCTS-History, ISMCTS-PUCT   , ISMCTS-PUCT
    171, A2_B1 , ISMCTS-PUCT   , ISMCTS-History, ISMCTS-PUCT
    172, A2_B1 , ISMCTS-PUCT   , ISMCTS-History, ISMCTS-PUCT
    173, A2_B1 , ISMCTS-History, ISMCTS-PUCT   , ISMCTS-PUCT
    174, A2_B1 , ISMCTS-History, ISMCTS-PUCT   , ISMCTS-PUCT
    175, A2_B1 , ISMCTS-History, ISMCTS-PUCT   , ISMCTS-PUCT
    176, A2_B1 , ISMCTS-History, ISMCTS-PUCT   , ISMCTS-PUCT
    177, A2_B1 , ISMCTS-PUCT   , ISMCTS-PUCT   , ISMCTS-History
    178, A2_B1 , ISMCTS-History, ISMCTS-PUCT   , ISMCTS-PUCT
    179, A2_B1 , ISMCTS-PUCT   , ISMCTS-History, ISMCTS-PUCT
    180, A2_B1 , ISMCTS-History, ISMCTS-PUCT   , ISMCTS-PUCT
    181, A2_B1 , ISMCTS-PUCT   , ISMCTS-History, ISMCTS-PUCT
    182, A2_B1 , ISMCTS-PUCT   , ISMCTS-PUCT   , ISMCTS-History
    183, A2_B1 , ISMCTS-History, ISMCTS-PUCT   , ISMCTS-PUCT
    184, A2_B1 , ISMCTS-PUCT   , ISMCTS-History, ISMCTS-PUCT
    186, A2_B1 , ISMCTS-PUCT   , ISMCTS-History, ISMCTS-PUCT
    185, A2_B1 , ISMCTS-PUCT   , ISMCTS-PUCT   , ISMCTS-History
    189, A2_B1 , ISMCTS-PUCT   , ISMCTS-History, ISMCTS-PUCT
    188, A2_B1 , ISMCTS-History, ISMCTS-PUCT   , ISMCTS-PUCT
    187, A2_B1 , ISMCTS-PUCT   , ISMCTS-PUCT   , ISMCTS-History
    191, A2_B1 , ISMCTS-PUCT   , ISMCTS-PUCT   , ISMCTS-History
    192, A2_B1 , ISMCTS-PUCT   , ISMCTS-PUCT   , ISMCTS-History
    190, A2_B1 , ISMCTS-PUCT   , ISMCTS-PUCT   , ISMCTS-History
    194, A2_B1 , ISMCTS-PUCT   , ISMCTS-History, ISMCTS-PUCT
    193, A2_B1 , ISMCTS-PUCT   , ISMCTS-History, ISMCTS-PUCT
    195, A2_B1 , ISMCTS-PUCT   , ISMCTS-PUCT   , ISMCTS-History
    197, A2_B1 , ISMCTS-PUCT   , ISMCTS-PUCT   , ISMCTS-History
    196, A2_B1 , ISMCTS-PUCT   , ISMCTS-History, ISMCTS-PUCT
    198, A2_B1 , ISMCTS-PUCT   , ISMCTS-History, ISMCTS-PUCT
    199, A2_B1 , ISMCTS-PUCT   , ISMCTS-History, ISMCTS-PUCT
    201, A2_B1 , ISMCTS-PUCT   , ISMCTS-PUCT   , ISMCTS-History
    200, A2_B1 , ISMCTS-PUCT   , ISMCTS-History, ISMCTS-PUCT
    202, A2_B1 , ISMCTS-History, ISMCTS-PUCT   , ISMCTS-PUCT
    205, A2_B1 , ISMCTS-PUCT   , ISMCTS-PUCT   , ISMCTS-History
    204, A2_B1 , ISMCTS-History, ISMCTS-PUCT   , ISMCTS-PUCT
    203, A2_B1 , ISMCTS-History, ISMCTS-PUCT   , ISMCTS-PUCT
    206, A2_B1 , ISMCTS-PUCT   , ISMCTS-PUCT   , ISMCTS-History
    207, A2_B1 , ISMCTS-PUCT   , ISMCTS-PUCT   , ISMCTS-History
    210, A2_B1 , ISMCTS-PUCT   , ISMCTS-PUCT   , ISMCTS-History
    209, A2_B1 , ISMCTS-PUCT   , ISMCTS-PUCT   , ISMCTS-History
    208, A2_B1 , ISMCTS-History, ISMCTS-PUCT   , ISMCTS-PUCT
    213, A2_B1 , ISMCTS-PUCT   , ISMCTS-PUCT   , ISMCTS-History
    212, A2_B1 , ISMCTS-PUCT   , ISMCTS-PUCT   , ISMCTS-History
    211, A2_B1 , ISMCTS-History, ISMCTS-PUCT   , ISMCTS-PUCT
    215, A2_B1 , ISMCTS-History, ISMCTS-PUCT   , ISMCTS-PUCT
    214, A2_B1 , ISMCTS-PUCT   , ISMCTS-PUCT   , ISMCTS-History
    217, A2_B1 , ISMCTS-PUCT   , ISMCTS-History, ISMCTS-PUCT
    218, A2_B1 , ISMCTS-History, ISMCTS-PUCT   , ISMCTS-PUCT
    219, A2_B1 , ISMCTS-PUCT   , ISMCTS-PUCT   , ISMCTS-History
    216, A2_B1 , ISMCTS-PUCT   , ISMCTS-History, ISMCTS-PUCT
    220, A2_B1 , ISMCTS-History, ISMCTS-PUCT   , ISMCTS-PUCT
    221, A2_B1 , ISMCTS-PUCT   , ISMCTS-PUCT   , ISMCTS-History
    222, A2_B1 , ISMCTS-PUCT   , ISMCTS-History, ISMCTS-PUCT
    223, A2_B1 , ISMCTS-PUCT   , ISMCTS-History, ISMCTS-PUCT
    225, A2_B1 , ISMCTS-History, ISMCTS-PUCT   , ISMCTS-PUCT
    224, A2_B1 , ISMCTS-PUCT   , ISMCTS-PUCT   , ISMCTS-History
    229, A2_B1 , ISMCTS-PUCT   , ISMCTS-History, ISMCTS-PUCT
    226, A2_B1 , ISMCTS-History, ISMCTS-PUCT   , ISMCTS-PUCT
    228, A2_B1 , ISMCTS-History, ISMCTS-PUCT   , ISMCTS-PUCT
    227, A2_B1 , ISMCTS-PUCT   , ISMCTS-PUCT   , ISMCTS-History
    230, A2_B1 , ISMCTS-History, ISMCTS-PUCT   , ISMCTS-PUCT
    231, A2_B1 , ISMCTS-PUCT   , ISMCTS-PUCT   , ISMCTS-History
    232, A2_B1 , ISMCTS-PUCT   , ISMCTS-History, ISMCTS-PUCT
    234, A2_B1 , ISMCTS-PUCT   , ISMCTS-PUCT   , ISMCTS-History
    235, A2_B1 , ISMCTS-PUCT   , ISMCTS-History, ISMCTS-PUCT
    236, A2_B1 , ISMCTS-History, ISMCTS-PUCT   , ISMCTS-PUCT
    233, A2_B1 , ISMCTS-PUCT   , ISMCTS-History, ISMCTS-PUCT
    237, A2_B1 , ISMCTS-PUCT   , ISMCTS-PUCT   , ISMCTS-History
    239, A2_B1 , ISMCTS-History, ISMCTS-PUCT   , ISMCTS-PUCT
    238, A2_B1 , ISMCTS-PUCT   , ISMCTS-History, ISMCTS-PUCT
    240, A2_B1 , ISMCTS-History, ISMCTS-PUCT   , ISMCTS-PUCT
    241, A2_B1 , ISMCTS-History, ISMCTS-PUCT   , ISMCTS-PUCT
    244, A2_B1 , ISMCTS-PUCT   , ISMCTS-PUCT   , ISMCTS-History
    242, A2_B1 , ISMCTS-History, ISMCTS-PUCT   , ISMCTS-PUCT
    243, A2_B1 , ISMCTS-PUCT   , ISMCTS-PUCT   , ISMCTS-History
    245, A2_B1 , ISMCTS-PUCT   , ISMCTS-History, ISMCTS-PUCT
    247, A2_B1 , ISMCTS-PUCT   , ISMCTS-PUCT   , ISMCTS-History
    246, A2_B1 , ISMCTS-History, ISMCTS-PUCT   , ISMCTS-PUCT
    248, A2_B1 , ISMCTS-History, ISMCTS-PUCT   , ISMCTS-PUCT
    249, A2_B1 , ISMCTS-PUCT   , ISMCTS-History, ISMCTS-PUCT
    250, A2_B1 , ISMCTS-History, ISMCTS-PUCT   , ISMCTS-PUCT
    251, A2_B1 , ISMCTS-History, ISMCTS-PUCT   , ISMCTS-PUCT
    252, A2_B1 , ISMCTS-PUCT   , ISMCTS-History, ISMCTS-PUCT
    253, A2_B1 , ISMCTS-PUCT   , ISMCTS-PUCT   , ISMCTS-History
    254, A2_B1 , ISMCTS-PUCT   , ISMCTS-History, ISMCTS-PUCT
    255, A2_B1 , ISMCTS-History, ISMCTS-PUCT   , ISMCTS-PUCT
    257, A2_B1 , ISMCTS-History, ISMCTS-PUCT   , ISMCTS-PUCT
    256, A2_B1 , ISMCTS-PUCT   , ISMCTS-History, ISMCTS-PUCT
    260, A2_B1 , ISMCTS-History, ISMCTS-PUCT   , ISMCTS-PUCT
    258, A2_B1 , ISMCTS-PUCT   , ISMCTS-History, ISMCTS-PUCT
    259, A2_B1 , ISMCTS-PUCT   , ISMCTS-PUCT   , ISMCTS-History
    263, A2_B1 , ISMCTS-History, ISMCTS-PUCT   , ISMCTS-PUCT
    262, A2_B1 , ISMCTS-PUCT   , ISMCTS-History, ISMCTS-PUCT
    261, A2_B1 , ISMCTS-PUCT   , ISMCTS-History, ISMCTS-PUCT
    266, A2_B1 , ISMCTS-History, ISMCTS-PUCT   , ISMCTS-PUCT
    264, A2_B1 , ISMCTS-PUCT   , ISMCTS-History, ISMCTS-PUCT
    265, A2_B1 , ISMCTS-PUCT   , ISMCTS-PUCT   , ISMCTS-History
    267, A2_B1 , ISMCTS-PUCT   , ISMCTS-History, ISMCTS-PUCT
    268, A2_B1 , ISMCTS-History, ISMCTS-PUCT   , ISMCTS-PUCT
    270, A2_B1 , ISMCTS-PUCT   , ISMCTS-PUCT   , ISMCTS-History
    269, A2_B1 , ISMCTS-PUCT   , ISMCTS-History, ISMCTS-PUCT
    271, A2_B1 , ISMCTS-History, ISMCTS-PUCT   , ISMCTS-PUCT
    272, A2_B1 , ISMCTS-History, ISMCTS-PUCT   , ISMCTS-PUCT
    274, A2_B1 , ISMCTS-PUCT   , ISMCTS-History, ISMCTS-PUCT
    273, A2_B1 , ISMCTS-PUCT   , ISMCTS-PUCT   , ISMCTS-History
    276, A2_B1 , ISMCTS-PUCT   , ISMCTS-History, ISMCTS-PUCT
    275, A2_B1 , ISMCTS-PUCT   , ISMCTS-History, ISMCTS-PUCT
    278, A2_B1 , ISMCTS-PUCT   , ISMCTS-PUCT   , ISMCTS-History
    277, A2_B1 , ISMCTS-PUCT   , ISMCTS-History, ISMCTS-PUCT
    280, A2_B1 , ISMCTS-PUCT   , ISMCTS-PUCT   , ISMCTS-History
    279, A2_B1 , ISMCTS-PUCT   , ISMCTS-History, ISMCTS-PUCT
    281, A2_B1 , ISMCTS-PUCT   , ISMCTS-PUCT   , ISMCTS-History
    284, A2_B1 , ISMCTS-PUCT   , ISMCTS-History, ISMCTS-PUCT
    282, A2_B1 , ISMCTS-History, ISMCTS-PUCT   , ISMCTS-PUCT
    283, A2_B1 , ISMCTS-History, ISMCTS-PUCT   , ISMCTS-PUCT
    285, A2_B1 , ISMCTS-History, ISMCTS-PUCT   , ISMCTS-PUCT
    287, A2_B1 , ISMCTS-PUCT   , ISMCTS-PUCT   , ISMCTS-History
    288, A2_B1 , ISMCTS-PUCT   , ISMCTS-PUCT   , ISMCTS-History
    286, A2_B1 , ISMCTS-PUCT   , ISMCTS-PUCT   , ISMCTS-History
    291, A2_B1 , ISMCTS-History, ISMCTS-PUCT   , ISMCTS-PUCT
    289, A2_B1 , ISMCTS-PUCT   , ISMCTS-PUCT   , ISMCTS-History
    290, A2_B1 , ISMCTS-PUCT   , ISMCTS-History, ISMCTS-PUCT
    292, A2_B1 , ISMCTS-History, ISMCTS-PUCT   , ISMCTS-PUCT
    293, A2_B1 , ISMCTS-PUCT   , ISMCTS-History, ISMCTS-PUCT
    294, A2_B1 , ISMCTS-History, ISMCTS-PUCT   , ISMCTS-PUCT
    296, A2_B1 , ISMCTS-History, ISMCTS-PUCT   , ISMCTS-PUCT
    295, A2_B1 , ISMCTS-PUCT   , ISMCTS-History, ISMCTS-PUCT
    297, A2_B1 , ISMCTS-PUCT   , ISMCTS-History, ISMCTS-PUCT
    298, A2_B1 , ISMCTS-PUCT   , ISMCTS-History, ISMCTS-PUCT
    299, A2_B1 , ISMCTS-PUCT   , ISMCTS-PUCT   , ISMCTS-History
    301, A2_B1 , ISMCTS-PUCT   , ISMCTS-PUCT   , ISMCTS-History
    300, A2_B1 , ISMCTS-PUCT   , ISMCTS-History, ISMCTS-PUCT
    302, A2_B1 , ISMCTS-PUCT   , ISMCTS-PUCT   , ISMCTS-History
    304, A2_B1 , ISMCTS-PUCT   , ISMCTS-History, ISMCTS-PUCT
    305, A2_B1 , ISMCTS-PUCT   , ISMCTS-PUCT   , ISMCTS-History
    303, A2_B1 , ISMCTS-PUCT   , ISMCTS-PUCT   , ISMCTS-History
    306, A2_B1 , ISMCTS-PUCT   , ISMCTS-History, ISMCTS-PUCT
    308, A2_B1 , ISMCTS-PUCT   , ISMCTS-History, ISMCTS-PUCT
    307, A2_B1 , ISMCTS-PUCT   , ISMCTS-PUCT   , ISMCTS-History
    309, A2_B1 , ISMCTS-PUCT   , ISMCTS-History, ISMCTS-PUCT
    310, A2_B1 , ISMCTS-PUCT   , ISMCTS-PUCT   , ISMCTS-History
    311, A2_B1 , ISMCTS-PUCT   , ISMCTS-PUCT   , ISMCTS-History
    313, A2_B1 , ISMCTS-History, ISMCTS-PUCT   , ISMCTS-PUCT
    312, A2_B1 , ISMCTS-PUCT   , ISMCTS-History, ISMCTS-PUCT
    314, A2_B1 , ISMCTS-History, ISMCTS-PUCT   , ISMCTS-PUCT
    315, A2_B1 , ISMCTS-History, ISMCTS-PUCT   , ISMCTS-PUCT
    318, A2_B1 , ISMCTS-PUCT   , ISMCTS-PUCT   , ISMCTS-History
    316, A2_B1 , ISMCTS-PUCT   , ISMCTS-PUCT   , ISMCTS-History
    317, A2_B1 , ISMCTS-History, ISMCTS-PUCT   , ISMCTS-PUCT
    320, A2_B1 , ISMCTS-PUCT   , ISMCTS-PUCT   , ISMCTS-History
    321, A2_B1 , ISMCTS-PUCT   , ISMCTS-History, ISMCTS-PUCT
    319, A2_B1 , ISMCTS-History, ISMCTS-PUCT   , ISMCTS-PUCT
    322, A2_B1 , ISMCTS-PUCT   , ISMCTS-PUCT   , ISMCTS-History
    324, A2_B1 , ISMCTS-PUCT   , ISMCTS-PUCT   , ISMCTS-History
    323, A2_B1 , ISMCTS-PUCT   , ISMCTS-PUCT   , ISMCTS-History
    325, A2_B1 , ISMCTS-PUCT   , ISMCTS-PUCT   , ISMCTS-History
    326, A2_B1 , ISMCTS-PUCT   , ISMCTS-PUCT   , ISMCTS-History
    327, A2_B1 , ISMCTS-PUCT   , ISMCTS-History, ISMCTS-PUCT
    328, A2_B1 , ISMCTS-PUCT   , ISMCTS-PUCT   , ISMCTS-History
    330, A2_B1 , ISMCTS-PUCT   , ISMCTS-PUCT   , ISMCTS-History
    329, A2_B1 , ISMCTS-History, ISMCTS-PUCT   , ISMCTS-PUCT
    332, A2_B1 , ISMCTS-PUCT   , ISMCTS-History, ISMCTS-PUCT
    331, A2_B1 , ISMCTS-PUCT   , ISMCTS-History, ISMCTS-PUCT
    334, A2_B1 , ISMCTS-History, ISMCTS-PUCT   , ISMCTS-PUCT
    333, A2_B1 , ISMCTS-PUCT   , ISMCTS-PUCT   , ISMCTS-History
    335, A2_B1 , ISMCTS-PUCT   , ISMCTS-PUCT   , ISMCTS-History
    336, A2_B1 , ISMCTS-PUCT   , ISMCTS-History, ISMCTS-PUCT
    337, A2_B1 , ISMCTS-PUCT   , ISMCTS-History, ISMCTS-PUCT
    339, A2_B1 , ISMCTS-History, ISMCTS-PUCT   , ISMCTS-PUCT
    338, A2_B1 , ISMCTS-History, ISMCTS-PUCT   , ISMCTS-PUCT
    340, A2_B1 , ISMCTS-PUCT   , ISMCTS-PUCT   , ISMCTS-History
    341, A2_B1 , ISMCTS-PUCT   , ISMCTS-History, ISMCTS-PUCT
    342, A2_B1 , ISMCTS-History, ISMCTS-PUCT   , ISMCTS-PUCT
    344, A2_B1 , ISMCTS-History, ISMCTS-PUCT   , ISMCTS-PUCT
    343, A2_B1 , ISMCTS-PUCT   , ISMCTS-History, ISMCTS-PUCT
    345, A2_B1 , ISMCTS-History, ISMCTS-PUCT   , ISMCTS-PUCT
    346, A2_B1 , ISMCTS-PUCT   , ISMCTS-PUCT   , ISMCTS-History
    347, A2_B1 , ISMCTS-History, ISMCTS-PUCT   , ISMCTS-PUCT
    348, A2_B1 , ISMCTS-History, ISMCTS-PUCT   , ISMCTS-PUCT
    349, A2_B1 , ISMCTS-PUCT   , ISMCTS-History, ISMCTS-PUCT
    350, A2_B1 , ISMCTS-PUCT   , ISMCTS-History, ISMCTS-PUCT
    351, A2_B1 , ISMCTS-History, ISMCTS-PUCT   , ISMCTS-PUCT
    353, A2_B1 , ISMCTS-History, ISMCTS-PUCT   , ISMCTS-PUCT
    352, A2_B1 , ISMCTS-History, ISMCTS-PUCT   , ISMCTS-PUCT
    354, A2_B1 , ISMCTS-PUCT   , ISMCTS-PUCT   , ISMCTS-History
    355, A2_B1 , ISMCTS-PUCT   , ISMCTS-History, ISMCTS-PUCT
    357, A2_B1 , ISMCTS-PUCT   , ISMCTS-PUCT   , ISMCTS-History
    356, A2_B1 , ISMCTS-PUCT   , ISMCTS-History, ISMCTS-PUCT
    360, A2_B1 , ISMCTS-History, ISMCTS-PUCT   , ISMCTS-PUCT
    358, A2_B1 , ISMCTS-PUCT   , ISMCTS-History, ISMCTS-PUCT
    359, A2_B1 , ISMCTS-History, ISMCTS-PUCT   , ISMCTS-PUCT
    361, A2_B1 , ISMCTS-PUCT   , ISMCTS-PUCT   , ISMCTS-History
    362, A2_B1 , ISMCTS-PUCT   , ISMCTS-History, ISMCTS-PUCT
    363, A2_B1 , ISMCTS-PUCT   , ISMCTS-PUCT   , ISMCTS-History
    365, A2_B1 , ISMCTS-History, ISMCTS-PUCT   , ISMCTS-PUCT
    366, A2_B1 , ISMCTS-History, ISMCTS-PUCT   , ISMCTS-PUCT
    364, A2_B1 , ISMCTS-PUCT   , ISMCTS-PUCT   , ISMCTS-History
    368, A2_B1 , ISMCTS-PUCT   , ISMCTS-History, ISMCTS-PUCT
    369, A2_B1 , ISMCTS-PUCT   , ISMCTS-PUCT   , ISMCTS-History
    367, A2_B1 , ISMCTS-PUCT   , ISMCTS-History, ISMCTS-PUCT
    371, A2_B1 , ISMCTS-History, ISMCTS-PUCT   , ISMCTS-PUCT
    370, A2_B1 , ISMCTS-History, ISMCTS-PUCT   , ISMCTS-PUCT
    372, A2_B1 , ISMCTS-PUCT   , ISMCTS-PUCT   , ISMCTS-History
    375, A2_B1 , ISMCTS-PUCT   , ISMCTS-PUCT   , ISMCTS-History
    373, A2_B1 , ISMCTS-PUCT   , ISMCTS-History, ISMCTS-PUCT
    376, A2_B1 , ISMCTS-History, ISMCTS-PUCT   , ISMCTS-PUCT
    374, A2_B1 , ISMCTS-PUCT   , ISMCTS-History, ISMCTS-PUCT
    378, A2_B1 , ISMCTS-PUCT   , ISMCTS-PUCT   , ISMCTS-History
    379, A2_B1 , ISMCTS-History, ISMCTS-PUCT   , ISMCTS-PUCT
    377, A2_B1 , ISMCTS-PUCT   , ISMCTS-PUCT   , ISMCTS-History
    380, A2_B1 , ISMCTS-History, ISMCTS-PUCT   , ISMCTS-PUCT
    383, A2_B1 , ISMCTS-PUCT   , ISMCTS-History, ISMCTS-PUCT
    382, A2_B1 , ISMCTS-PUCT   , ISMCTS-History, ISMCTS-PUCT
    384, A2_B1 , ISMCTS-PUCT   , ISMCTS-History, ISMCTS-PUCT
    381, A2_B1 , ISMCTS-PUCT   , ISMCTS-History, ISMCTS-PUCT
    385, A2_B1 , ISMCTS-PUCT   , ISMCTS-PUCT   , ISMCTS-History
    387, A2_B1 , ISMCTS-PUCT   , ISMCTS-PUCT   , ISMCTS-History
    386, A2_B1 , ISMCTS-History, ISMCTS-PUCT   , ISMCTS-PUCT
    388, A2_B1 , ISMCTS-PUCT   , ISMCTS-PUCT   , ISMCTS-History
    389, A2_B1 , ISMCTS-PUCT   , ISMCTS-PUCT   , ISMCTS-History
    390, A2_B1 , ISMCTS-History, ISMCTS-PUCT   , ISMCTS-PUCT
    391, A2_B1 , ISMCTS-PUCT   , ISMCTS-PUCT   , ISMCTS-History
    392, A2_B1 , ISMCTS-PUCT   , ISMCTS-History, ISMCTS-PUCT
    393, A2_B1 , ISMCTS-History, ISMCTS-PUCT   , ISMCTS-PUCT
    395, A2_B1 , ISMCTS-PUCT   , ISMCTS-History, ISMCTS-PUCT
    394, A2_B1 , ISMCTS-History, ISMCTS-PUCT   , ISMCTS-PUCT
    396, A2_B1 , ISMCTS-History, ISMCTS-PUCT   , ISMCTS-PUCT
    399, A2_B1 , ISMCTS-History, ISMCTS-PUCT   , ISMCTS-PUCT
    401, A2_B1 , ISMCTS-PUCT   , ISMCTS-PUCT   , ISMCTS-History
    398, A2_B1 , ISMCTS-PUCT   , ISMCTS-PUCT   , ISMCTS-History
    397, A2_B1 , ISMCTS-PUCT   , ISMCTS-PUCT   , ISMCTS-History
    400, A2_B1 , ISMCTS-PUCT   , ISMCTS-History, ISMCTS-PUCT
    402, A2_B1 , ISMCTS-History, ISMCTS-PUCT   , ISMCTS-PUCT
    403, A2_B1 , ISMCTS-PUCT   , ISMCTS-History, ISMCTS-PUCT
    404, A2_B1 , ISMCTS-PUCT   , ISMCTS-PUCT   , ISMCTS-History
    406, A2_B1 , ISMCTS-PUCT   , ISMCTS-PUCT   , ISMCTS-History
    405, A2_B1 , ISMCTS-History, ISMCTS-PUCT   , ISMCTS-PUCT
    407, A2_B1 , ISMCTS-History, ISMCTS-PUCT   , ISMCTS-PUCT
    408, A2_B1 , ISMCTS-PUCT   , ISMCTS-History, ISMCTS-PUCT
    411, A2_B1 , ISMCTS-PUCT   , ISMCTS-History, ISMCTS-PUCT
    410, A2_B1 , ISMCTS-PUCT   , ISMCTS-PUCT   , ISMCTS-History
    409, A2_B1 , ISMCTS-History, ISMCTS-PUCT   , ISMCTS-PUCT
    413, A2_B1 , ISMCTS-History, ISMCTS-PUCT   , ISMCTS-PUCT
    414, A2_B1 , ISMCTS-PUCT   , ISMCTS-PUCT   , ISMCTS-History
    412, A2_B1 , ISMCTS-PUCT   , ISMCTS-PUCT   , ISMCTS-History
    415, A2_B1 , ISMCTS-PUCT   , ISMCTS-History, ISMCTS-PUCT
    416, A2_B1 , ISMCTS-PUCT   , ISMCTS-History, ISMCTS-PUCT
    418, A2_B1 , ISMCTS-PUCT   , ISMCTS-PUCT   , ISMCTS-History
    417, A2_B1 , ISMCTS-History, ISMCTS-PUCT   , ISMCTS-PUCT
    419, A2_B1 , ISMCTS-History, ISMCTS-PUCT   , ISMCTS-PUCT
    420, A2_B1 , ISMCTS-History, ISMCTS-PUCT   , ISMCTS-PUCT
    423, A2_B1 , ISMCTS-PUCT   , ISMCTS-PUCT   , ISMCTS-History
    422, A2_B1 , ISMCTS-History, ISMCTS-PUCT   , ISMCTS-PUCT
    421, A2_B1 , ISMCTS-PUCT   , ISMCTS-History, ISMCTS-PUCT
    424, A2_B1 , ISMCTS-PUCT   , ISMCTS-History, ISMCTS-PUCT
    427, A2_B1 , ISMCTS-History, ISMCTS-PUCT   , ISMCTS-PUCT
    425, A2_B1 , ISMCTS-PUCT   , ISMCTS-History, ISMCTS-PUCT
    428, A2_B1 , ISMCTS-PUCT   , ISMCTS-History, ISMCTS-PUCT
    426, A2_B1 , ISMCTS-PUCT   , ISMCTS-PUCT   , ISMCTS-History
    429, A2_B1 , ISMCTS-History, ISMCTS-PUCT   , ISMCTS-PUCT
    431, A2_B1 , ISMCTS-PUCT   , ISMCTS-PUCT   , ISMCTS-History
    430, A2_B1 , ISMCTS-PUCT   , ISMCTS-PUCT   , ISMCTS-History
    432, A2_B1 , ISMCTS-History, ISMCTS-PUCT   , ISMCTS-PUCT
    433, A2_B1 , ISMCTS-PUCT   , ISMCTS-History, ISMCTS-PUCT
    434, A2_B1 , ISMCTS-PUCT   , ISMCTS-PUCT   , ISMCTS-History
    436, A2_B1 , ISMCTS-History, ISMCTS-PUCT   , ISMCTS-PUCT
    435, A2_B1 , ISMCTS-PUCT   , ISMCTS-PUCT   , ISMCTS-History
    437, A2_B1 , ISMCTS-PUCT   , ISMCTS-History, ISMCTS-PUCT
    439, A2_B1 , ISMCTS-PUCT   , ISMCTS-History, ISMCTS-PUCT
    438, A2_B1 , ISMCTS-PUCT   , ISMCTS-PUCT   , ISMCTS-History
    441, A2_B1 , ISMCTS-History, ISMCTS-PUCT   , ISMCTS-PUCT
    440, A2_B1 , ISMCTS-PUCT   , ISMCTS-PUCT   , ISMCTS-History
    442, A2_B1 , ISMCTS-History, ISMCTS-PUCT   , ISMCTS-PUCT
    443, A2_B1 , ISMCTS-PUCT   , ISMCTS-PUCT   , ISMCTS-History
    445, A2_B1 , ISMCTS-History, ISMCTS-PUCT   , ISMCTS-PUCT
    444, A2_B1 , ISMCTS-PUCT   , ISMCTS-PUCT   , ISMCTS-History
    447, A2_B1 , ISMCTS-PUCT   , ISMCTS-PUCT   , ISMCTS-History
    446, A2_B1 , ISMCTS-PUCT   , ISMCTS-History, ISMCTS-PUCT
    449, A2_B1 , ISMCTS-PUCT   , ISMCTS-PUCT   , ISMCTS-History
    448, A2_B1 , ISMCTS-PUCT   , ISMCTS-History, ISMCTS-PUCT
    451, A2_B1 , ISMCTS-History, ISMCTS-PUCT   , ISMCTS-PUCT
    450, A2_B1 , ISMCTS-PUCT   , ISMCTS-PUCT   , ISMCTS-History
    453, A2_B1 , ISMCTS-PUCT   , ISMCTS-History, ISMCTS-PUCT
    452, A2_B1 , ISMCTS-PUCT   , ISMCTS-History, ISMCTS-PUCT
    454, A2_B1 , ISMCTS-History, ISMCTS-PUCT   , ISMCTS-PUCT
    455, A2_B1 , ISMCTS-PUCT   , ISMCTS-History, ISMCTS-PUCT
    457, A2_B1 , ISMCTS-History, ISMCTS-PUCT   , ISMCTS-PUCT
    458, A2_B1 , ISMCTS-History, ISMCTS-PUCT   , ISMCTS-PUCT
    456, A2_B1 , ISMCTS-PUCT   , ISMCTS-PUCT   , ISMCTS-History
    461, A2_B1 , ISMCTS-PUCT   , ISMCTS-PUCT   , ISMCTS-History
    459, A2_B1 , ISMCTS-History, ISMCTS-PUCT   , ISMCTS-PUCT
    460, A2_B1 , ISMCTS-PUCT   , ISMCTS-History, ISMCTS-PUCT
    463, A2_B1 , ISMCTS-PUCT   , ISMCTS-PUCT   , ISMCTS-History
    462, A2_B1 , ISMCTS-PUCT   , ISMCTS-PUCT   , ISMCTS-History
    466, A2_B1 , ISMCTS-PUCT   , ISMCTS-PUCT   , ISMCTS-History
    464, A2_B1 , ISMCTS-History, ISMCTS-PUCT   , ISMCTS-PUCT
    469, A2_B1 , ISMCTS-PUCT   , ISMCTS-PUCT   , ISMCTS-History
    465, A2_B1 , ISMCTS-PUCT   , ISMCTS-PUCT   , ISMCTS-History
    467, A2_B1 , ISMCTS-PUCT   , ISMCTS-History, ISMCTS-PUCT
    468, A2_B1 , ISMCTS-History, ISMCTS-PUCT   , ISMCTS-PUCT
    472, A2_B1 , ISMCTS-History, ISMCTS-PUCT   , ISMCTS-PUCT
    470, A2_B1 , ISMCTS-History, ISMCTS-PUCT   , ISMCTS-PUCT
    471, A2_B1 , ISMCTS-PUCT   , ISMCTS-PUCT   , ISMCTS-History
    473, A2_B1 , ISMCTS-PUCT   , ISMCTS-History, ISMCTS-PUCT
    474, A2_B1 , ISMCTS-PUCT   , ISMCTS-PUCT   , ISMCTS-History
    477, A2_B1 , ISMCTS-PUCT   , ISMCTS-History, ISMCTS-PUCT
    475, A2_B1 , ISMCTS-History, ISMCTS-PUCT   , ISMCTS-PUCT
    476, A2_B1 , ISMCTS-PUCT   , ISMCTS-PUCT   , ISMCTS-History
    478, A2_B1 , ISMCTS-History, ISMCTS-PUCT   , ISMCTS-PUCT
    480, A2_B1 , ISMCTS-History, ISMCTS-PUCT   , ISMCTS-PUCT
    479, A2_B1 , ISMCTS-History, ISMCTS-PUCT   , ISMCTS-PUCT
    483, A2_B1 , ISMCTS-PUCT   , ISMCTS-PUCT   , ISMCTS-History
    481, A2_B1 , ISMCTS-PUCT   , ISMCTS-PUCT   , ISMCTS-History
    482, A2_B1 , ISMCTS-PUCT   , ISMCTS-History, ISMCTS-PUCT
    485, A2_B1 , ISMCTS-History, ISMCTS-PUCT   , ISMCTS-PUCT
    484, A2_B1 , ISMCTS-PUCT   , ISMCTS-History, ISMCTS-PUCT
    486, A2_B1 , ISMCTS-History, ISMCTS-PUCT   , ISMCTS-PUCT
    488, A2_B1 , ISMCTS-PUCT   , ISMCTS-History, ISMCTS-PUCT
    490, A2_B1 , ISMCTS-PUCT   , ISMCTS-PUCT   , ISMCTS-History
    487, A2_B1 , ISMCTS-PUCT   , ISMCTS-PUCT   , ISMCTS-History
    491, A2_B1 , ISMCTS-PUCT   , ISMCTS-History, ISMCTS-PUCT
    489, A2_B1 , ISMCTS-History, ISMCTS-PUCT   , ISMCTS-PUCT
    492, A2_B1 , ISMCTS-PUCT   , ISMCTS-History, ISMCTS-PUCT
    493, A2_B1 , ISMCTS-History, ISMCTS-PUCT   , ISMCTS-PUCT
    494, A2_B1 , ISMCTS-PUCT   , ISMCTS-PUCT   , ISMCTS-History
    496, A2_B1 , ISMCTS-PUCT   , ISMCTS-History, ISMCTS-PUCT
    495, A2_B1 , ISMCTS-PUCT   , ISMCTS-History, ISMCTS-PUCT
    498, A2_B1 , ISMCTS-PUCT   , ISMCTS-History, ISMCTS-PUCT
    497, A2_B1 , ISMCTS-PUCT   , ISMCTS-PUCT   , ISMCTS-History
    499, A2_B1 , ISMCTS-PUCT   , ISMCTS-PUCT   , ISMCTS-History
    500, A1_B2 , ISMCTS-PUCT   , ISMCTS-History, ISMCTS-History
    501, A1_B2 , ISMCTS-History, ISMCTS-PUCT   , ISMCTS-History
    502, A1_B2 , ISMCTS-PUCT   , ISMCTS-History, ISMCTS-History
    503, A1_B2 , ISMCTS-History, ISMCTS-PUCT   , ISMCTS-History
    505, A1_B2 , ISMCTS-History, ISMCTS-PUCT   , ISMCTS-History
    504, A1_B2 , ISMCTS-History, ISMCTS-History, ISMCTS-PUCT
    508, A1_B2 , ISMCTS-PUCT   , ISMCTS-History, ISMCTS-History
    507, A1_B2 , ISMCTS-History, ISMCTS-PUCT   , ISMCTS-History
    506, A1_B2 , ISMCTS-History, ISMCTS-History, ISMCTS-PUCT
    510, A1_B2 , ISMCTS-PUCT   , ISMCTS-History, ISMCTS-History
    509, A1_B2 , ISMCTS-PUCT   , ISMCTS-History, ISMCTS-History
    511, A1_B2 , ISMCTS-History, ISMCTS-History, ISMCTS-PUCT
    513, A1_B2 , ISMCTS-History, ISMCTS-PUCT   , ISMCTS-History
    512, A1_B2 , ISMCTS-History, ISMCTS-PUCT   , ISMCTS-History
    514, A1_B2 , ISMCTS-PUCT   , ISMCTS-History, ISMCTS-History
    516, A1_B2 , ISMCTS-PUCT   , ISMCTS-History, ISMCTS-History
    517, A1_B2 , ISMCTS-History, ISMCTS-History, ISMCTS-PUCT
    515, A1_B2 , ISMCTS-History, ISMCTS-PUCT   , ISMCTS-History
    518, A1_B2 , ISMCTS-History, ISMCTS-History, ISMCTS-PUCT
    519, A1_B2 , ISMCTS-PUCT   , ISMCTS-History, ISMCTS-History
    520, A1_B2 , ISMCTS-History, ISMCTS-History, ISMCTS-PUCT
    521, A1_B2 , ISMCTS-History, ISMCTS-PUCT   , ISMCTS-History
    522, A1_B2 , ISMCTS-History, ISMCTS-PUCT   , ISMCTS-History
    523, A1_B2 , ISMCTS-PUCT   , ISMCTS-History, ISMCTS-History
    524, A1_B2 , ISMCTS-History, ISMCTS-PUCT   , ISMCTS-History
    526, A1_B2 , ISMCTS-History, ISMCTS-PUCT   , ISMCTS-History
    525, A1_B2 , ISMCTS-History, ISMCTS-PUCT   , ISMCTS-History
    528, A1_B2 , ISMCTS-History, ISMCTS-History, ISMCTS-PUCT
    527, A1_B2 , ISMCTS-History, ISMCTS-History, ISMCTS-PUCT
    529, A1_B2 , ISMCTS-History, ISMCTS-PUCT   , ISMCTS-History
    530, A1_B2 , ISMCTS-History, ISMCTS-History, ISMCTS-PUCT
    531, A1_B2 , ISMCTS-History, ISMCTS-History, ISMCTS-PUCT
    532, A1_B2 , ISMCTS-History, ISMCTS-PUCT   , ISMCTS-History
    535, A1_B2 , ISMCTS-History, ISMCTS-History, ISMCTS-PUCT
    536, A1_B2 , ISMCTS-PUCT   , ISMCTS-History, ISMCTS-History
    533, A1_B2 , ISMCTS-History, ISMCTS-PUCT   , ISMCTS-History
    534, A1_B2 , ISMCTS-History, ISMCTS-PUCT   , ISMCTS-History
    537, A1_B2 , ISMCTS-History, ISMCTS-History, ISMCTS-PUCT
    538, A1_B2 , ISMCTS-History, ISMCTS-History, ISMCTS-PUCT
    540, A1_B2 , ISMCTS-PUCT   , ISMCTS-History, ISMCTS-History
    539, A1_B2 , ISMCTS-History, ISMCTS-PUCT   , ISMCTS-History
    541, A1_B2 , ISMCTS-History, ISMCTS-History, ISMCTS-PUCT
    543, A1_B2 , ISMCTS-History, ISMCTS-PUCT   , ISMCTS-History
    542, A1_B2 , ISMCTS-PUCT   , ISMCTS-History, ISMCTS-History
    544, A1_B2 , ISMCTS-History, ISMCTS-PUCT   , ISMCTS-History
    545, A1_B2 , ISMCTS-History, ISMCTS-PUCT   , ISMCTS-History
    546, A1_B2 , ISMCTS-History, ISMCTS-PUCT   , ISMCTS-History
    548, A1_B2 , ISMCTS-PUCT   , ISMCTS-History, ISMCTS-History
    547, A1_B2 , ISMCTS-PUCT   , ISMCTS-History, ISMCTS-History
    549, A1_B2 , ISMCTS-History, ISMCTS-History, ISMCTS-PUCT
    551, A1_B2 , ISMCTS-PUCT   , ISMCTS-History, ISMCTS-History
    552, A1_B2 , ISMCTS-History, ISMCTS-History, ISMCTS-PUCT
    550, A1_B2 , ISMCTS-History, ISMCTS-PUCT   , ISMCTS-History
    556, A1_B2 , ISMCTS-History, ISMCTS-History, ISMCTS-PUCT
    554, A1_B2 , ISMCTS-History, ISMCTS-History, ISMCTS-PUCT
    553, A1_B2 , ISMCTS-PUCT   , ISMCTS-History, ISMCTS-History
    555, A1_B2 , ISMCTS-History, ISMCTS-History, ISMCTS-PUCT
    557, A1_B2 , ISMCTS-PUCT   , ISMCTS-History, ISMCTS-History
    558, A1_B2 , ISMCTS-History, ISMCTS-PUCT   , ISMCTS-History
    559, A1_B2 , ISMCTS-PUCT   , ISMCTS-History, ISMCTS-History
    560, A1_B2 , ISMCTS-History, ISMCTS-History, ISMCTS-PUCT
    562, A1_B2 , ISMCTS-PUCT   , ISMCTS-History, ISMCTS-History
    565, A1_B2 , ISMCTS-History, ISMCTS-PUCT   , ISMCTS-History
    563, A1_B2 , ISMCTS-History, ISMCTS-History, ISMCTS-PUCT
    564, A1_B2 , ISMCTS-History, ISMCTS-PUCT   , ISMCTS-History
    561, A1_B2 , ISMCTS-PUCT   , ISMCTS-History, ISMCTS-History
    566, A1_B2 , ISMCTS-History, ISMCTS-PUCT   , ISMCTS-History
    567, A1_B2 , ISMCTS-PUCT   , ISMCTS-History, ISMCTS-History
    568, A1_B2 , ISMCTS-History, ISMCTS-PUCT   , ISMCTS-History
    571, A1_B2 , ISMCTS-History, ISMCTS-PUCT   , ISMCTS-History
    573, A1_B2 , ISMCTS-PUCT   , ISMCTS-History, ISMCTS-History
    569, A1_B2 , ISMCTS-History, ISMCTS-PUCT   , ISMCTS-History
    570, A1_B2 , ISMCTS-PUCT   , ISMCTS-History, ISMCTS-History
    572, A1_B2 , ISMCTS-History, ISMCTS-PUCT   , ISMCTS-History
    574, A1_B2 , ISMCTS-PUCT   , ISMCTS-History, ISMCTS-History
    575, A1_B2 , ISMCTS-PUCT   , ISMCTS-History, ISMCTS-History
    577, A1_B2 , ISMCTS-PUCT   , ISMCTS-History, ISMCTS-History
    578, A1_B2 , ISMCTS-History, ISMCTS-PUCT   , ISMCTS-History
    580, A1_B2 , ISMCTS-History, ISMCTS-History, ISMCTS-PUCT
    576, A1_B2 , ISMCTS-History, ISMCTS-History, ISMCTS-PUCT
    579, A1_B2 , ISMCTS-PUCT   , ISMCTS-History, ISMCTS-History
    581, A1_B2 , ISMCTS-PUCT   , ISMCTS-History, ISMCTS-History
    582, A1_B2 , ISMCTS-PUCT   , ISMCTS-History, ISMCTS-History
    583, A1_B2 , ISMCTS-History, ISMCTS-PUCT   , ISMCTS-History
    585, A1_B2 , ISMCTS-History, ISMCTS-History, ISMCTS-PUCT
    584, A1_B2 , ISMCTS-PUCT   , ISMCTS-History, ISMCTS-History
    587, A1_B2 , ISMCTS-PUCT   , ISMCTS-History, ISMCTS-History
    588, A1_B2 , ISMCTS-History, ISMCTS-History, ISMCTS-PUCT
    589, A1_B2 , ISMCTS-PUCT   , ISMCTS-History, ISMCTS-History
    586, A1_B2 , ISMCTS-History, ISMCTS-History, ISMCTS-PUCT
    590, A1_B2 , ISMCTS-History, ISMCTS-PUCT   , ISMCTS-History
    591, A1_B2 , ISMCTS-PUCT   , ISMCTS-History, ISMCTS-History
    592, A1_B2 , ISMCTS-History, ISMCTS-PUCT   , ISMCTS-History
    593, A1_B2 , ISMCTS-History, ISMCTS-PUCT   , ISMCTS-History
    594, A1_B2 , ISMCTS-History, ISMCTS-History, ISMCTS-PUCT
    595, A1_B2 , ISMCTS-History, ISMCTS-History, ISMCTS-PUCT
    596, A1_B2 , ISMCTS-PUCT   , ISMCTS-History, ISMCTS-History
    597, A1_B2 , ISMCTS-History, ISMCTS-PUCT   , ISMCTS-History
    598, A1_B2 , ISMCTS-PUCT   , ISMCTS-History, ISMCTS-History
    599, A1_B2 , ISMCTS-History, ISMCTS-PUCT   , ISMCTS-History
    600, A1_B2 , ISMCTS-History, ISMCTS-History, ISMCTS-PUCT
    601, A1_B2 , ISMCTS-History, ISMCTS-PUCT   , ISMCTS-History
    603, A1_B2 , ISMCTS-History, ISMCTS-PUCT   , ISMCTS-History
    602, A1_B2 , ISMCTS-History, ISMCTS-History, ISMCTS-PUCT
    606, A1_B2 , ISMCTS-PUCT   , ISMCTS-History, ISMCTS-History
    605, A1_B2 , ISMCTS-History, ISMCTS-PUCT   , ISMCTS-History
    604, A1_B2 , ISMCTS-History, ISMCTS-PUCT   , ISMCTS-History
    607, A1_B2 , ISMCTS-PUCT   , ISMCTS-History, ISMCTS-History
    608, A1_B2 , ISMCTS-History, ISMCTS-History, ISMCTS-PUCT
    609, A1_B2 , ISMCTS-PUCT   , ISMCTS-History, ISMCTS-History
    611, A1_B2 , ISMCTS-PUCT   , ISMCTS-History, ISMCTS-History
    612, A1_B2 , ISMCTS-History, ISMCTS-History, ISMCTS-PUCT
    613, A1_B2 , ISMCTS-History, ISMCTS-History, ISMCTS-PUCT
    610, A1_B2 , ISMCTS-History, ISMCTS-History, ISMCTS-PUCT
    614, A1_B2 , ISMCTS-History, ISMCTS-History, ISMCTS-PUCT
    615, A1_B2 , ISMCTS-PUCT   , ISMCTS-History, ISMCTS-History
    617, A1_B2 , ISMCTS-PUCT   , ISMCTS-History, ISMCTS-History
    616, A1_B2 , ISMCTS-History, ISMCTS-History, ISMCTS-PUCT
    619, A1_B2 , ISMCTS-History, ISMCTS-History, ISMCTS-PUCT
    618, A1_B2 , ISMCTS-History, ISMCTS-History, ISMCTS-PUCT
    621, A1_B2 , ISMCTS-History, ISMCTS-History, ISMCTS-PUCT
    620, A1_B2 , ISMCTS-History, ISMCTS-PUCT   , ISMCTS-History
    623, A1_B2 , ISMCTS-PUCT   , ISMCTS-History, ISMCTS-History
    622, A1_B2 , ISMCTS-History, ISMCTS-PUCT   , ISMCTS-History
    624, A1_B2 , ISMCTS-PUCT   , ISMCTS-History, ISMCTS-History
    625, A1_B2 , ISMCTS-History, ISMCTS-History, ISMCTS-PUCT
    626, A1_B2 , ISMCTS-History, ISMCTS-PUCT   , ISMCTS-History
    628, A1_B2 , ISMCTS-History, ISMCTS-History, ISMCTS-PUCT
    627, A1_B2 , ISMCTS-History, ISMCTS-History, ISMCTS-PUCT
    629, A1_B2 , ISMCTS-History, ISMCTS-PUCT   , ISMCTS-History
    630, A1_B2 , ISMCTS-PUCT   , ISMCTS-History, ISMCTS-History
    631, A1_B2 , ISMCTS-History, ISMCTS-History, ISMCTS-PUCT
    632, A1_B2 , ISMCTS-History, ISMCTS-History, ISMCTS-PUCT
    633, A1_B2 , ISMCTS-History, ISMCTS-History, ISMCTS-PUCT
    634, A1_B2 , ISMCTS-History, ISMCTS-History, ISMCTS-PUCT
    635, A1_B2 , ISMCTS-History, ISMCTS-PUCT   , ISMCTS-History
    638, A1_B2 , ISMCTS-PUCT   , ISMCTS-History, ISMCTS-History
    639, A1_B2 , ISMCTS-History, ISMCTS-History, ISMCTS-PUCT
    640, A1_B2 , ISMCTS-History, ISMCTS-PUCT   , ISMCTS-History
    636, A1_B2 , ISMCTS-History, ISMCTS-History, ISMCTS-PUCT
    637, A1_B2 , ISMCTS-History, ISMCTS-PUCT   , ISMCTS-History
    641, A1_B2 , ISMCTS-History, ISMCTS-History, ISMCTS-PUCT
    642, A1_B2 , ISMCTS-PUCT   , ISMCTS-History, ISMCTS-History
    643, A1_B2 , ISMCTS-History, ISMCTS-History, ISMCTS-PUCT
    645, A1_B2 , ISMCTS-PUCT   , ISMCTS-History, ISMCTS-History
    646, A1_B2 , ISMCTS-PUCT   , ISMCTS-History, ISMCTS-History
    644, A1_B2 , ISMCTS-PUCT   , ISMCTS-History, ISMCTS-History
    647, A1_B2 , ISMCTS-History, ISMCTS-History, ISMCTS-PUCT
    648, A1_B2 , ISMCTS-PUCT   , ISMCTS-History, ISMCTS-History
    649, A1_B2 , ISMCTS-History, ISMCTS-History, ISMCTS-PUCT
    650, A1_B2 , ISMCTS-PUCT   , ISMCTS-History, ISMCTS-History
    654, A1_B2 , ISMCTS-PUCT   , ISMCTS-History, ISMCTS-History
    651, A1_B2 , ISMCTS-PUCT   , ISMCTS-History, ISMCTS-History
    652, A1_B2 , ISMCTS-History, ISMCTS-PUCT   , ISMCTS-History
    653, A1_B2 , ISMCTS-History, ISMCTS-History, ISMCTS-PUCT
    656, A1_B2 , ISMCTS-History, ISMCTS-History, ISMCTS-PUCT
    655, A1_B2 , ISMCTS-PUCT   , ISMCTS-History, ISMCTS-History
    657, A1_B2 , ISMCTS-History, ISMCTS-History, ISMCTS-PUCT
    658, A1_B2 , ISMCTS-History, ISMCTS-PUCT   , ISMCTS-History
    660, A1_B2 , ISMCTS-History, ISMCTS-History, ISMCTS-PUCT
    663, A1_B2 , ISMCTS-History, ISMCTS-PUCT   , ISMCTS-History
    661, A1_B2 , ISMCTS-History, ISMCTS-History, ISMCTS-PUCT
    664, A1_B2 , ISMCTS-History, ISMCTS-PUCT   , ISMCTS-History
    659, A1_B2 , ISMCTS-History, ISMCTS-PUCT   , ISMCTS-History
    665, A1_B2 , ISMCTS-PUCT   , ISMCTS-History, ISMCTS-History
    662, A1_B2 , ISMCTS-PUCT   , ISMCTS-History, ISMCTS-History
    667, A1_B2 , ISMCTS-PUCT   , ISMCTS-History, ISMCTS-History
    666, A1_B2 , ISMCTS-History, ISMCTS-PUCT   , ISMCTS-History
    671, A1_B2 , ISMCTS-History, ISMCTS-PUCT   , ISMCTS-History
    669, A1_B2 , ISMCTS-History, ISMCTS-PUCT   , ISMCTS-History
    672, A1_B2 , ISMCTS-History, ISMCTS-PUCT   , ISMCTS-History
    673, A1_B2 , ISMCTS-PUCT   , ISMCTS-History, ISMCTS-History
    668, A1_B2 , ISMCTS-History, ISMCTS-History, ISMCTS-PUCT
    670, A1_B2 , ISMCTS-History, ISMCTS-PUCT   , ISMCTS-History
    674, A1_B2 , ISMCTS-PUCT   , ISMCTS-History, ISMCTS-History
    675, A1_B2 , ISMCTS-History, ISMCTS-History, ISMCTS-PUCT
    678, A1_B2 , ISMCTS-History, ISMCTS-PUCT   , ISMCTS-History
    677, A1_B2 , ISMCTS-History, ISMCTS-History, ISMCTS-PUCT
    679, A1_B2 , ISMCTS-PUCT   , ISMCTS-History, ISMCTS-History
    676, A1_B2 , ISMCTS-History, ISMCTS-PUCT   , ISMCTS-History
    681, A1_B2 , ISMCTS-History, ISMCTS-History, ISMCTS-PUCT
    680, A1_B2 , ISMCTS-History, ISMCTS-PUCT   , ISMCTS-History
    682, A1_B2 , ISMCTS-History, ISMCTS-PUCT   , ISMCTS-History
    683, A1_B2 , ISMCTS-History, ISMCTS-PUCT   , ISMCTS-History
    687, A1_B2 , ISMCTS-PUCT   , ISMCTS-History, ISMCTS-History
    684, A1_B2 , ISMCTS-History, ISMCTS-History, ISMCTS-PUCT
    688, A1_B2 , ISMCTS-History, ISMCTS-PUCT   , ISMCTS-History
    685, A1_B2 , ISMCTS-PUCT   , ISMCTS-History, ISMCTS-History
    686, A1_B2 , ISMCTS-PUCT   , ISMCTS-History, ISMCTS-History
    689, A1_B2 , ISMCTS-PUCT   , ISMCTS-History, ISMCTS-History
    690, A1_B2 , ISMCTS-History, ISMCTS-PUCT   , ISMCTS-History
    691, A1_B2 , ISMCTS-History, ISMCTS-PUCT   , ISMCTS-History
    694, A1_B2 , ISMCTS-History, ISMCTS-History, ISMCTS-PUCT
    693, A1_B2 , ISMCTS-PUCT   , ISMCTS-History, ISMCTS-History
    692, A1_B2 , ISMCTS-PUCT   , ISMCTS-History, ISMCTS-History
    695, A1_B2 , ISMCTS-PUCT   , ISMCTS-History, ISMCTS-History
    696, A1_B2 , ISMCTS-PUCT   , ISMCTS-History, ISMCTS-History
    697, A1_B2 , ISMCTS-History, ISMCTS-History, ISMCTS-PUCT
    698, A1_B2 , ISMCTS-History, ISMCTS-PUCT   , ISMCTS-History
    699, A1_B2 , ISMCTS-PUCT   , ISMCTS-History, ISMCTS-History
    700, A1_B2 , ISMCTS-PUCT   , ISMCTS-History, ISMCTS-History
    702, A1_B2 , ISMCTS-History, ISMCTS-PUCT   , ISMCTS-History
    701, A1_B2 , ISMCTS-History, ISMCTS-PUCT   , ISMCTS-History
    703, A1_B2 , ISMCTS-PUCT   , ISMCTS-History, ISMCTS-History
    704, A1_B2 , ISMCTS-History, ISMCTS-History, ISMCTS-PUCT
    705, A1_B2 , ISMCTS-PUCT   , ISMCTS-History, ISMCTS-History
    707, A1_B2 , ISMCTS-History, ISMCTS-PUCT   , ISMCTS-History
    706, A1_B2 , ISMCTS-History, ISMCTS-History, ISMCTS-PUCT
    709, A1_B2 , ISMCTS-History, ISMCTS-PUCT   , ISMCTS-History
    710, A1_B2 , ISMCTS-History, ISMCTS-History, ISMCTS-PUCT
    708, A1_B2 , ISMCTS-PUCT   , ISMCTS-History, ISMCTS-History
    711, A1_B2 , ISMCTS-PUCT   , ISMCTS-History, ISMCTS-History
    712, A1_B2 , ISMCTS-History, ISMCTS-PUCT   , ISMCTS-History
    713, A1_B2 , ISMCTS-History, ISMCTS-History, ISMCTS-PUCT
    715, A1_B2 , ISMCTS-History, ISMCTS-History, ISMCTS-PUCT
    714, A1_B2 , ISMCTS-History, ISMCTS-History, ISMCTS-PUCT
    717, A1_B2 , ISMCTS-History, ISMCTS-History, ISMCTS-PUCT
    716, A1_B2 , ISMCTS-History, ISMCTS-PUCT   , ISMCTS-History
    718, A1_B2 , ISMCTS-History, ISMCTS-PUCT   , ISMCTS-History
    719, A1_B2 , ISMCTS-History, ISMCTS-History, ISMCTS-PUCT
    720, A1_B2 , ISMCTS-History, ISMCTS-History, ISMCTS-PUCT
    721, A1_B2 , ISMCTS-History, ISMCTS-PUCT   , ISMCTS-History
    722, A1_B2 , ISMCTS-PUCT   , ISMCTS-History, ISMCTS-History
    723, A1_B2 , ISMCTS-History, ISMCTS-PUCT   , ISMCTS-History
    724, A1_B2 , ISMCTS-PUCT   , ISMCTS-History, ISMCTS-History
    725, A1_B2 , ISMCTS-History, ISMCTS-History, ISMCTS-PUCT
    726, A1_B2 , ISMCTS-History, ISMCTS-History, ISMCTS-PUCT
    727, A1_B2 , ISMCTS-History, ISMCTS-History, ISMCTS-PUCT
    728, A1_B2 , ISMCTS-PUCT   , ISMCTS-History, ISMCTS-History
    732, A1_B2 , ISMCTS-History, ISMCTS-History, ISMCTS-PUCT
    731, A1_B2 , ISMCTS-PUCT   , ISMCTS-History, ISMCTS-History
    730, A1_B2 , ISMCTS-History, ISMCTS-History, ISMCTS-PUCT
    729, A1_B2 , ISMCTS-PUCT   , ISMCTS-History, ISMCTS-History
    733, A1_B2 , ISMCTS-History, ISMCTS-History, ISMCTS-PUCT
    734, A1_B2 , ISMCTS-PUCT   , ISMCTS-History, ISMCTS-History
    736, A1_B2 , ISMCTS-PUCT   , ISMCTS-History, ISMCTS-History
    735, A1_B2 , ISMCTS-History, ISMCTS-PUCT   , ISMCTS-History
    739, A1_B2 , ISMCTS-History, ISMCTS-History, ISMCTS-PUCT
    738, A1_B2 , ISMCTS-PUCT   , ISMCTS-History, ISMCTS-History
    740, A1_B2 , ISMCTS-History, ISMCTS-History, ISMCTS-PUCT
    737, A1_B2 , ISMCTS-History, ISMCTS-History, ISMCTS-PUCT
    741, A1_B2 , ISMCTS-History, ISMCTS-History, ISMCTS-PUCT
    743, A1_B2 , ISMCTS-History, ISMCTS-History, ISMCTS-PUCT
    744, A1_B2 , ISMCTS-PUCT   , ISMCTS-History, ISMCTS-History
    742, A1_B2 , ISMCTS-PUCT   , ISMCTS-History, ISMCTS-History
    745, A1_B2 , ISMCTS-History, ISMCTS-History, ISMCTS-PUCT
    748, A1_B2 , ISMCTS-History, ISMCTS-History, ISMCTS-PUCT
    746, A1_B2 , ISMCTS-History, ISMCTS-History, ISMCTS-PUCT
    749, A1_B2 , ISMCTS-History, ISMCTS-History, ISMCTS-PUCT
    747, A1_B2 , ISMCTS-History, ISMCTS-PUCT   , ISMCTS-History
    750, A1_B2 , ISMCTS-History, ISMCTS-History, ISMCTS-PUCT
    751, A1_B2 , ISMCTS-History, ISMCTS-PUCT   , ISMCTS-History
    752, A1_B2 , ISMCTS-History, ISMCTS-History, ISMCTS-PUCT
    753, A1_B2 , ISMCTS-PUCT   , ISMCTS-History, ISMCTS-History
    755, A1_B2 , ISMCTS-History, ISMCTS-PUCT   , ISMCTS-History
    754, A1_B2 , ISMCTS-PUCT   , ISMCTS-History, ISMCTS-History
    756, A1_B2 , ISMCTS-History, ISMCTS-PUCT   , ISMCTS-History
    758, A1_B2 , ISMCTS-History, ISMCTS-History, ISMCTS-PUCT
    757, A1_B2 , ISMCTS-History, ISMCTS-History, ISMCTS-PUCT
    760, A1_B2 , ISMCTS-History, ISMCTS-History, ISMCTS-PUCT
    759, A1_B2 , ISMCTS-History, ISMCTS-PUCT   , ISMCTS-History
    761, A1_B2 , ISMCTS-PUCT   , ISMCTS-History, ISMCTS-History
    762, A1_B2 , ISMCTS-PUCT   , ISMCTS-History, ISMCTS-History
    764, A1_B2 , ISMCTS-History, ISMCTS-PUCT   , ISMCTS-History
    763, A1_B2 , ISMCTS-PUCT   , ISMCTS-History, ISMCTS-History
    766, A1_B2 , ISMCTS-History, ISMCTS-History, ISMCTS-PUCT
    765, A1_B2 , ISMCTS-History, ISMCTS-PUCT   , ISMCTS-History
    768, A1_B2 , ISMCTS-History, ISMCTS-PUCT   , ISMCTS-History
    767, A1_B2 , ISMCTS-History, ISMCTS-History, ISMCTS-PUCT
    770, A1_B2 , ISMCTS-History, ISMCTS-History, ISMCTS-PUCT
    769, A1_B2 , ISMCTS-History, ISMCTS-History, ISMCTS-PUCT
    771, A1_B2 , ISMCTS-History, ISMCTS-History, ISMCTS-PUCT
    773, A1_B2 , ISMCTS-PUCT   , ISMCTS-History, ISMCTS-History
    772, A1_B2 , ISMCTS-History, ISMCTS-History, ISMCTS-PUCT
    774, A1_B2 , ISMCTS-History, ISMCTS-History, ISMCTS-PUCT
    777, A1_B2 , ISMCTS-PUCT   , ISMCTS-History, ISMCTS-History
    775, A1_B2 , ISMCTS-PUCT   , ISMCTS-History, ISMCTS-History
    776, A1_B2 , ISMCTS-History, ISMCTS-History, ISMCTS-PUCT
    778, A1_B2 , ISMCTS-History, ISMCTS-History, ISMCTS-PUCT
    779, A1_B2 , ISMCTS-PUCT   , ISMCTS-History, ISMCTS-History
    781, A1_B2 , ISMCTS-PUCT   , ISMCTS-History, ISMCTS-History
    780, A1_B2 , ISMCTS-History, ISMCTS-PUCT   , ISMCTS-History
    784, A1_B2 , ISMCTS-PUCT   , ISMCTS-History, ISMCTS-History
    786, A1_B2 , ISMCTS-History, ISMCTS-History, ISMCTS-PUCT
    783, A1_B2 , ISMCTS-History, ISMCTS-History, ISMCTS-PUCT
    782, A1_B2 , ISMCTS-History, ISMCTS-History, ISMCTS-PUCT
    785, A1_B2 , ISMCTS-History, ISMCTS-History, ISMCTS-PUCT
    787, A1_B2 , ISMCTS-History, ISMCTS-PUCT   , ISMCTS-History
    789, A1_B2 , ISMCTS-History, ISMCTS-History, ISMCTS-PUCT
    788, A1_B2 , ISMCTS-History, ISMCTS-PUCT   , ISMCTS-History
    793, A1_B2 , ISMCTS-History, ISMCTS-History, ISMCTS-PUCT
    790, A1_B2 , ISMCTS-History, ISMCTS-PUCT   , ISMCTS-History
    792, A1_B2 , ISMCTS-History, ISMCTS-History, ISMCTS-PUCT
    794, A1_B2 , ISMCTS-History, ISMCTS-PUCT   , ISMCTS-History
    791, A1_B2 , ISMCTS-History, ISMCTS-PUCT   , ISMCTS-History
    796, A1_B2 , ISMCTS-History, ISMCTS-PUCT   , ISMCTS-History
    797, A1_B2 , ISMCTS-History, ISMCTS-History, ISMCTS-PUCT
    795, A1_B2 , ISMCTS-History, ISMCTS-History, ISMCTS-PUCT
    799, A1_B2 , ISMCTS-History, ISMCTS-History, ISMCTS-PUCT
    798, A1_B2 , ISMCTS-History, ISMCTS-PUCT   , ISMCTS-History
    802, A1_B2 , ISMCTS-History, ISMCTS-PUCT   , ISMCTS-History
    800, A1_B2 , ISMCTS-History, ISMCTS-History, ISMCTS-PUCT
    801, A1_B2 , ISMCTS-History, ISMCTS-PUCT   , ISMCTS-History
    803, A1_B2 , ISMCTS-PUCT   , ISMCTS-History, ISMCTS-History
    804, A1_B2 , ISMCTS-History, ISMCTS-PUCT   , ISMCTS-History
    805, A1_B2 , ISMCTS-History, ISMCTS-History, ISMCTS-PUCT
    806, A1_B2 , ISMCTS-History, ISMCTS-PUCT   , ISMCTS-History
    807, A1_B2 , ISMCTS-History, ISMCTS-History, ISMCTS-PUCT
    810, A1_B2 , ISMCTS-History, ISMCTS-History, ISMCTS-PUCT
    808, A1_B2 , ISMCTS-History, ISMCTS-History, ISMCTS-PUCT
    809, A1_B2 , ISMCTS-History, ISMCTS-History, ISMCTS-PUCT
    812, A1_B2 , ISMCTS-History, ISMCTS-History, ISMCTS-PUCT
    811, A1_B2 , ISMCTS-History, ISMCTS-PUCT   , ISMCTS-History
    813, A1_B2 , ISMCTS-History, ISMCTS-History, ISMCTS-PUCT
    814, A1_B2 , ISMCTS-History, ISMCTS-PUCT   , ISMCTS-History
    815, A1_B2 , ISMCTS-History, ISMCTS-History, ISMCTS-PUCT
    817, A1_B2 , ISMCTS-PUCT   , ISMCTS-History, ISMCTS-History
    816, A1_B2 , ISMCTS-History, ISMCTS-PUCT   , ISMCTS-History
    818, A1_B2 , ISMCTS-History, ISMCTS-History, ISMCTS-PUCT
    820, A1_B2 , ISMCTS-PUCT   , ISMCTS-History, ISMCTS-History
    821, A1_B2 , ISMCTS-History, ISMCTS-History, ISMCTS-PUCT
    819, A1_B2 , ISMCTS-PUCT   , ISMCTS-History, ISMCTS-History
    822, A1_B2 , ISMCTS-PUCT   , ISMCTS-History, ISMCTS-History
    824, A1_B2 , ISMCTS-History, ISMCTS-PUCT   , ISMCTS-History
    823, A1_B2 , ISMCTS-PUCT   , ISMCTS-History, ISMCTS-History
    825, A1_B2 , ISMCTS-History, ISMCTS-History, ISMCTS-PUCT
    826, A1_B2 , ISMCTS-History, ISMCTS-PUCT   , ISMCTS-History
    828, A1_B2 , ISMCTS-History, ISMCTS-History, ISMCTS-PUCT
    827, A1_B2 , ISMCTS-History, ISMCTS-History, ISMCTS-PUCT
    829, A1_B2 , ISMCTS-History, ISMCTS-History, ISMCTS-PUCT
    830, A1_B2 , ISMCTS-PUCT   , ISMCTS-History, ISMCTS-History
    833, A1_B2 , ISMCTS-History, ISMCTS-PUCT   , ISMCTS-History
    832, A1_B2 , ISMCTS-PUCT   , ISMCTS-History, ISMCTS-History
    831, A1_B2 , ISMCTS-History, ISMCTS-History, ISMCTS-PUCT
    834, A1_B2 , ISMCTS-History, ISMCTS-History, ISMCTS-PUCT
    835, A1_B2 , ISMCTS-History, ISMCTS-PUCT   , ISMCTS-History
    838, A1_B2 , ISMCTS-History, ISMCTS-History, ISMCTS-PUCT
    837, A1_B2 , ISMCTS-History, ISMCTS-PUCT   , ISMCTS-History
    836, A1_B2 , ISMCTS-History, ISMCTS-History, ISMCTS-PUCT
    841, A1_B2 , ISMCTS-History, ISMCTS-History, ISMCTS-PUCT
    839, A1_B2 , ISMCTS-History, ISMCTS-History, ISMCTS-PUCT
    840, A1_B2 , ISMCTS-History, ISMCTS-History, ISMCTS-PUCT
    842, A1_B2 , ISMCTS-PUCT   , ISMCTS-History, ISMCTS-History
    843, A1_B2 , ISMCTS-History, ISMCTS-PUCT   , ISMCTS-History
    844, A1_B2 , ISMCTS-History, ISMCTS-History, ISMCTS-PUCT
    846, A1_B2 , ISMCTS-History, ISMCTS-PUCT   , ISMCTS-History
    845, A1_B2 , ISMCTS-History, ISMCTS-History, ISMCTS-PUCT
    847, A1_B2 , ISMCTS-History, ISMCTS-PUCT   , ISMCTS-History
    849, A1_B2 , ISMCTS-History, ISMCTS-History, ISMCTS-PUCT
    848, A1_B2 , ISMCTS-History, ISMCTS-PUCT   , ISMCTS-History
    851, A1_B2 , ISMCTS-PUCT   , ISMCTS-History, ISMCTS-History
    850, A1_B2 , ISMCTS-History, ISMCTS-PUCT   , ISMCTS-History
    853, A1_B2 , ISMCTS-History, ISMCTS-History, ISMCTS-PUCT
    852, A1_B2 , ISMCTS-History, ISMCTS-History, ISMCTS-PUCT
    854, A1_B2 , ISMCTS-History, ISMCTS-PUCT   , ISMCTS-History
    855, A1_B2 , ISMCTS-History, ISMCTS-History, ISMCTS-PUCT
    856, A1_B2 , ISMCTS-History, ISMCTS-History, ISMCTS-PUCT
    857, A1_B2 , ISMCTS-History, ISMCTS-History, ISMCTS-PUCT
    858, A1_B2 , ISMCTS-PUCT   , ISMCTS-History, ISMCTS-History
    859, A1_B2 , ISMCTS-PUCT   , ISMCTS-History, ISMCTS-History
    862, A1_B2 , ISMCTS-History, ISMCTS-History, ISMCTS-PUCT
    860, A1_B2 , ISMCTS-PUCT   , ISMCTS-History, ISMCTS-History
    861, A1_B2 , ISMCTS-PUCT   , ISMCTS-History, ISMCTS-History
    863, A1_B2 , ISMCTS-PUCT   , ISMCTS-History, ISMCTS-History
    865, A1_B2 , ISMCTS-History, ISMCTS-History, ISMCTS-PUCT
    864, A1_B2 , ISMCTS-History, ISMCTS-History, ISMCTS-PUCT
    867, A1_B2 , ISMCTS-History, ISMCTS-PUCT   , ISMCTS-History
    866, A1_B2 , ISMCTS-History, ISMCTS-PUCT   , ISMCTS-History
    868, A1_B2 , ISMCTS-History, ISMCTS-History, ISMCTS-PUCT
    869, A1_B2 , ISMCTS-History, ISMCTS-PUCT   , ISMCTS-History
    870, A1_B2 , ISMCTS-PUCT   , ISMCTS-History, ISMCTS-History
    871, A1_B2 , ISMCTS-History, ISMCTS-PUCT   , ISMCTS-History
    873, A1_B2 , ISMCTS-History, ISMCTS-PUCT   , ISMCTS-History
    872, A1_B2 , ISMCTS-History, ISMCTS-History, ISMCTS-PUCT
    874, A1_B2 , ISMCTS-History, ISMCTS-History, ISMCTS-PUCT
    875, A1_B2 , ISMCTS-PUCT   , ISMCTS-History, ISMCTS-History
    876, A1_B2 , ISMCTS-PUCT   , ISMCTS-History, ISMCTS-History
    877, A1_B2 , ISMCTS-History, ISMCTS-PUCT   , ISMCTS-History
    879, A1_B2 , ISMCTS-History, ISMCTS-PUCT   , ISMCTS-History
    878, A1_B2 , ISMCTS-PUCT   , ISMCTS-History, ISMCTS-History
    880, A1_B2 , ISMCTS-History, ISMCTS-PUCT   , ISMCTS-History
    881, A1_B2 , ISMCTS-History, ISMCTS-History, ISMCTS-PUCT
    883, A1_B2 , ISMCTS-PUCT   , ISMCTS-History, ISMCTS-History
    882, A1_B2 , ISMCTS-PUCT   , ISMCTS-History, ISMCTS-History
    885, A1_B2 , ISMCTS-History, ISMCTS-History, ISMCTS-PUCT
    884, A1_B2 , ISMCTS-History, ISMCTS-PUCT   , ISMCTS-History
    886, A1_B2 , ISMCTS-History, ISMCTS-History, ISMCTS-PUCT
    887, A1_B2 , ISMCTS-History, ISMCTS-PUCT   , ISMCTS-History
    889, A1_B2 , ISMCTS-History, ISMCTS-History, ISMCTS-PUCT
    891, A1_B2 , ISMCTS-History, ISMCTS-History, ISMCTS-PUCT
    890, A1_B2 , ISMCTS-History, ISMCTS-History, ISMCTS-PUCT
    888, A1_B2 , ISMCTS-PUCT   , ISMCTS-History, ISMCTS-History
    893, A1_B2 , ISMCTS-History, ISMCTS-History, ISMCTS-PUCT
    892, A1_B2 , ISMCTS-PUCT   , ISMCTS-History, ISMCTS-History
    894, A1_B2 , ISMCTS-History, ISMCTS-History, ISMCTS-PUCT
    895, A1_B2 , ISMCTS-History, ISMCTS-PUCT   , ISMCTS-History
    896, A1_B2 , ISMCTS-PUCT   , ISMCTS-History, ISMCTS-History
    898, A1_B2 , ISMCTS-PUCT   , ISMCTS-History, ISMCTS-History
    899, A1_B2 , ISMCTS-PUCT   , ISMCTS-History, ISMCTS-History
    897, A1_B2 , ISMCTS-History, ISMCTS-PUCT   , ISMCTS-History
    900, A1_B2 , ISMCTS-History, ISMCTS-PUCT   , ISMCTS-History
    901, A1_B2 , ISMCTS-History, ISMCTS-History, ISMCTS-PUCT
    902, A1_B2 , ISMCTS-History, ISMCTS-PUCT   , ISMCTS-History
    903, A1_B2 , ISMCTS-History, ISMCTS-History, ISMCTS-PUCT
    904, A1_B2 , ISMCTS-History, ISMCTS-PUCT   , ISMCTS-History
    905, A1_B2 , ISMCTS-History, ISMCTS-PUCT   , ISMCTS-History
    906, A1_B2 , ISMCTS-History, ISMCTS-History, ISMCTS-PUCT
    909, A1_B2 , ISMCTS-PUCT   , ISMCTS-History, ISMCTS-History
    907, A1_B2 , ISMCTS-History, ISMCTS-PUCT   , ISMCTS-History
    908, A1_B2 , ISMCTS-PUCT   , ISMCTS-History, ISMCTS-History
    910, A1_B2 , ISMCTS-History, ISMCTS-History, ISMCTS-PUCT
    911, A1_B2 , ISMCTS-History, ISMCTS-PUCT   , ISMCTS-History
    912, A1_B2 , ISMCTS-History, ISMCTS-History, ISMCTS-PUCT
    913, A1_B2 , ISMCTS-History, ISMCTS-History, ISMCTS-PUCT
    914, A1_B2 , ISMCTS-PUCT   , ISMCTS-History, ISMCTS-History
    916, A1_B2 , ISMCTS-History, ISMCTS-PUCT   , ISMCTS-History
    917, A1_B2 , ISMCTS-History, ISMCTS-PUCT   , ISMCTS-History
    915, A1_B2 , ISMCTS-History, ISMCTS-History, ISMCTS-PUCT
    918, A1_B2 , ISMCTS-History, ISMCTS-PUCT   , ISMCTS-History
    919, A1_B2 , ISMCTS-History, ISMCTS-PUCT   , ISMCTS-History
    920, A1_B2 , ISMCTS-History, ISMCTS-History, ISMCTS-PUCT
    921, A1_B2 , ISMCTS-History, ISMCTS-PUCT   , ISMCTS-History
    922, A1_B2 , ISMCTS-History, ISMCTS-History, ISMCTS-PUCT
    925, A1_B2 , ISMCTS-PUCT   , ISMCTS-History, ISMCTS-History
    923, A1_B2 , ISMCTS-History, ISMCTS-PUCT   , ISMCTS-History
    924, A1_B2 , ISMCTS-History, ISMCTS-History, ISMCTS-PUCT
    926, A1_B2 , ISMCTS-History, ISMCTS-History, ISMCTS-PUCT
    927, A1_B2 , ISMCTS-History, ISMCTS-PUCT   , ISMCTS-History
    928, A1_B2 , ISMCTS-PUCT   , ISMCTS-History, ISMCTS-History
    931, A1_B2 , ISMCTS-PUCT   , ISMCTS-History, ISMCTS-History
    930, A1_B2 , ISMCTS-PUCT   , ISMCTS-History, ISMCTS-History
    929, A1_B2 , ISMCTS-PUCT   , ISMCTS-History, ISMCTS-History
    932, A1_B2 , ISMCTS-History, ISMCTS-PUCT   , ISMCTS-History
    934, A1_B2 , ISMCTS-History, ISMCTS-PUCT   , ISMCTS-History
    933, A1_B2 , ISMCTS-History, ISMCTS-History, ISMCTS-PUCT
    935, A1_B2 , ISMCTS-PUCT   , ISMCTS-History, ISMCTS-History
    936, A1_B2 , ISMCTS-PUCT   , ISMCTS-History, ISMCTS-History
    938, A1_B2 , ISMCTS-History, ISMCTS-History, ISMCTS-PUCT
    939, A1_B2 , ISMCTS-History, ISMCTS-History, ISMCTS-PUCT
    937, A1_B2 , ISMCTS-History, ISMCTS-History, ISMCTS-PUCT
    940, A1_B2 , ISMCTS-History, ISMCTS-PUCT   , ISMCTS-History
    941, A1_B2 , ISMCTS-History, ISMCTS-PUCT   , ISMCTS-History
    942, A1_B2 , ISMCTS-PUCT   , ISMCTS-History, ISMCTS-History
    943, A1_B2 , ISMCTS-History, ISMCTS-History, ISMCTS-PUCT
    944, A1_B2 , ISMCTS-History, ISMCTS-PUCT   , ISMCTS-History
    946, A1_B2 , ISMCTS-PUCT   , ISMCTS-History, ISMCTS-History
    945, A1_B2 , ISMCTS-History, ISMCTS-PUCT   , ISMCTS-History
    948, A1_B2 , ISMCTS-History, ISMCTS-History, ISMCTS-PUCT
    947, A1_B2 , ISMCTS-History, ISMCTS-PUCT   , ISMCTS-History
    949, A1_B2 , ISMCTS-PUCT   , ISMCTS-History, ISMCTS-History
    950, A1_B2 , ISMCTS-History, ISMCTS-History, ISMCTS-PUCT
    951, A1_B2 , ISMCTS-PUCT   , ISMCTS-History, ISMCTS-History
    952, A1_B2 , ISMCTS-History, ISMCTS-History, ISMCTS-PUCT
    953, A1_B2 , ISMCTS-History, ISMCTS-History, ISMCTS-PUCT
    954, A1_B2 , ISMCTS-History, ISMCTS-PUCT   , ISMCTS-History
    955, A1_B2 , ISMCTS-History, ISMCTS-History, ISMCTS-PUCT
    956, A1_B2 , ISMCTS-PUCT   , ISMCTS-History, ISMCTS-History
    957, A1_B2 , ISMCTS-PUCT   , ISMCTS-History, ISMCTS-History
    959, A1_B2 , ISMCTS-PUCT   , ISMCTS-History, ISMCTS-History
    958, A1_B2 , ISMCTS-History, ISMCTS-PUCT   , ISMCTS-History
    961, A1_B2 , ISMCTS-History, ISMCTS-History, ISMCTS-PUCT
    960, A1_B2 , ISMCTS-PUCT   , ISMCTS-History, ISMCTS-History
    962, A1_B2 , ISMCTS-PUCT   , ISMCTS-History, ISMCTS-History
    963, A1_B2 , ISMCTS-History, ISMCTS-History, ISMCTS-PUCT
    964, A1_B2 , ISMCTS-PUCT   , ISMCTS-History, ISMCTS-History
    965, A1_B2 , ISMCTS-History, ISMCTS-History, ISMCTS-PUCT
    966, A1_B2 , ISMCTS-History, ISMCTS-PUCT   , ISMCTS-History
    968, A1_B2 , ISMCTS-History, ISMCTS-History, ISMCTS-PUCT
    967, A1_B2 , ISMCTS-PUCT   , ISMCTS-History, ISMCTS-History
    969, A1_B2 , ISMCTS-History, ISMCTS-History, ISMCTS-PUCT
    971, A1_B2 , ISMCTS-History, ISMCTS-History, ISMCTS-PUCT
    970, A1_B2 , ISMCTS-History, ISMCTS-History, ISMCTS-PUCT
    972, A1_B2 , ISMCTS-History, ISMCTS-PUCT   , ISMCTS-History
    975, A1_B2 , ISMCTS-History, ISMCTS-History, ISMCTS-PUCT
    974, A1_B2 , ISMCTS-PUCT   , ISMCTS-History, ISMCTS-History
    973, A1_B2 , ISMCTS-History, ISMCTS-History, ISMCTS-PUCT
    976, A1_B2 , ISMCTS-History, ISMCTS-History, ISMCTS-PUCT
    977, A1_B2 , ISMCTS-History, ISMCTS-History, ISMCTS-PUCT
    978, A1_B2 , ISMCTS-History, ISMCTS-History, ISMCTS-PUCT
    979, A1_B2 , ISMCTS-History, ISMCTS-History, ISMCTS-PUCT
    982, A1_B2 , ISMCTS-History, ISMCTS-PUCT   , ISMCTS-History
    980, A1_B2 , ISMCTS-PUCT   , ISMCTS-History, ISMCTS-History
    984, A1_B2 , ISMCTS-History, ISMCTS-PUCT   , ISMCTS-History
    981, A1_B2 , ISMCTS-PUCT   , ISMCTS-History, ISMCTS-History
    983, A1_B2 , ISMCTS-PUCT   , ISMCTS-History, ISMCTS-History
    986, A1_B2 , ISMCTS-History, ISMCTS-PUCT   , ISMCTS-History
    985, A1_B2 , ISMCTS-History, ISMCTS-History, ISMCTS-PUCT
    987, A1_B2 , ISMCTS-History, ISMCTS-PUCT   , ISMCTS-History
    990, A1_B2 , ISMCTS-History, ISMCTS-PUCT   , ISMCTS-History
    989, A1_B2 , ISMCTS-History, ISMCTS-History, ISMCTS-PUCT
    988, A1_B2 , ISMCTS-History, ISMCTS-History, ISMCTS-PUCT
    991, A1_B2 , ISMCTS-History, ISMCTS-PUCT   , ISMCTS-History
    992, A1_B2 , ISMCTS-History, ISMCTS-History, ISMCTS-PUCT
    995, A1_B2 , ISMCTS-History, ISMCTS-PUCT   , ISMCTS-History
    993, A1_B2 , ISMCTS-History, ISMCTS-History, ISMCTS-PUCT
    994, A1_B2 , ISMCTS-History, ISMCTS-History, ISMCTS-PUCT
    996, A1_B2 , ISMCTS-History, ISMCTS-History, ISMCTS-PUCT
    999, A1_B2 , ISMCTS-History, ISMCTS-History, ISMCTS-PUCT
    997, A1_B2 , ISMCTS-History, ISMCTS-History, ISMCTS-PUCT
    998, A1_B2 , ISMCTS-History, ISMCTS-History, ISMCTS-PUCT
